# Select the database
USE goldbubble;

INSERT INTO users (firstname, surname, username, email, psw)
VALUES
('John', 'Doe', 'jdoe123', 'johndoe123@gold.ac.uk', '$2b$10$ZDmgmjtS.82SA4YfN2aJautcgRYEg7JU9CcePsCN.5N.sedyL8QpG'),
('Jane', 'Doe', 'jdoe456', 'janedoe456@gold.ac.uk', '$2b$10$GTd..041NHyH23w2wdGssex0KEVx1zfrv7ZjVIVzrJ9IR73gYmmKq'),
('Bob', 'Smith', 'bsmith789', 'bobsmith789@gold.ac.uk', '$2b$10$A1BMTAEDRd.eDFExAXzhme5Cx/XCkY61KDbxUrDtnIREBmDql/tra'),
('Alice', 'Johnson', 'ajohnson789', 'alicej789@gold.ac.uk', '$2b$10$DjkH4vsjRAqsYHVYxbDdU.HqYTE/LuhfLSJcbforBhxH7A.USbxjO'),
('David', 'Lee', 'dlee456', 'davidl456@gold.ac.uk', '$2b$10$/QZjaC48D5jFLF6QHQHrPOFDpKMYsavNUfo4XVjlpjvDtuI7E9F7u'),
('Emily', 'Wilson', 'ewilson123', 'emilyw123@gold.ac.uk', '$2b$10$pIcnlfYLsix78f8s.oKeQOMdZ6jdOllqa1ejCwLhQx0LcCmeuHLW.'),
('Michael', 'Garcia', 'mgarcia789', 'michaelg789@gold.ac.uk', '$2b$10$xHhh6/b/FsTyFaTxlnXkVOYMADGYydsJUi/IHcvKb/GiY8O0vJbYa'),
('Samantha', 'Nguyen', 'snguyen456', 'samanthan456@gold.ac.uk', '$2b$10$xBqW773diwVDQAG6iNcMVO4XDtVaFZB97zNmseuHx9KHFBUT6v2we'),
('William', 'Brown', 'wbrown789', 'williamb789@gold.ac.uk', '$2b$10$/hln8b1ymeHOoqcGKhFqG.lhsi19dUXHDbGtEZPL8MQGOsNB38OyC'),
('Olivia', 'Taylor', 'otaylor123', 'oliviat123@gold.ac.uk', '$2b$10$XA/pJAVh9haMKkUqFGILw.idpOPPNgvu08Xw6ma3zhrXl9xnLiv1G');


# Insert test topics
INSERT INTO topics(topic_title)
VALUES
    ('Art'),
    ('Design'),
    ('English'),
    ('Music'),
    ('Theatre'),
    ('Visual Cultures'),
    ('Dance and Performance'),
    ('Languages'),
    ('Anthropology'),
    ('History'),
    ('Media'),
    ('Politics'),
    ('Sociology'),
    ('Psychology'),
    ('Education'),
    ('Business'),
    ('Management'),
    ('Law'),
    ('Computer Science'),
    ('Computing'),
    ('Geography'),
    ('Games Computing');

# Insert test posts
INSERT INTO posts (post_date, post_title, post_content, username, topic_title)
VALUES
    ('2022-01-01 12:00:00', 'The Impact of Climate Change on Global Water Resources', 'In this lecture, we discussed the impact of climate change on global water resources. Climate change is causing significant changes to the water cycle, resulting in changes to the quantity, quality, and availability of water resources around the world. We explored how rising temperatures are causing glaciers and ice caps to melt, resulting in rising sea levels, which in turn affects the availability of freshwater resources in coastal areas.

Furthermore, climate change has led to more frequent and severe droughts and floods in many regions, affecting both agricultural productivity and access to clean drinking water. We discussed how these changes are particularly affecting vulnerable communities in developing countries, where access to water resources is already limited.

To mitigate the impact of climate change on water resources, we need to take a multi-faceted approach that includes reducing greenhouse gas emissions, implementing water conservation measures, and improving water management practices. This requires collaboration between governments, NGOs, and communities around the world.

In conclusion, the impact of climate change on water resources is a critical issue that requires urgent action. We need to prioritize sustainable and equitable management of water resources to ensure that future generations have access to safe and reliable water supplies.
', 'jdoe123', 'Geography'),
    ('2022-01-02 14:30:00', 'The Causes and Consequences of the Industrial Revolution', 'In this lecture, we examined the causes and consequences of the Industrial Revolution that occurred in Britain in the late 18th and early 19th centuries. We discussed how the invention of new machines, such as the spinning jenny and power loom, revolutionized the textile industry and spurred the growth of other industries, including coal mining, iron production, and transportation.

We also discussed the social and economic consequences of the Industrial Revolution, including the emergence of the working class, the growth of urbanization, and the widening gap between the rich and poor. We examined how these changes laid the foundation for modern capitalism and shaped the world we live in today.

The lecture was important because it helped us understand how the Industrial Revolution transformed the world and shaped modern society. The innovations that emerged during this time period revolutionized manufacturing and production, and led to massive changes in transportation, communication, and agriculture. The lecture also highlighted the human cost of these changes, including the harsh working conditions and poor living standards experienced by the working class.

Overall, the Industrial Revolution was a pivotal moment in world history, and understanding its causes and consequences is crucial to understanding the world we live in today
', 'bsmith789', 'History'),
    ('2022-01-03 10:00:00', 'The effects of Childhood Trauma on Adult Mental Health', 'In this lecture, we explored the effects of childhood trauma on adult mental health. Childhood trauma refers to experiences that are emotionally or physically distressing, such as abuse, neglect, or the death of a parent. We discussed how these experiences can have lasting effects on individual mental health and well-being, even into adulthood.

We examined the different types of childhood trauma, including physical, sexual, and emotional abuse, as well as neglect and exposure to violence. We also discussed how childhood trauma can lead to the development of mental health disorders, such as depression, anxiety, and post-traumatic stress disorder (PTSD).

Furthermore, we discussed the importance of early intervention and treatment for individuals who have experienced childhood trauma. We explored evidence-based treatments, such as cognitive-behavioral therapy (CBT) and eye movement desensitization and reprocessing (EMDR), as well as the role of medication in treating mental health disorders.

The lecture was important because childhood trauma is a significant public health issue that affects millions of individuals worldwide. Understanding the impact of childhood trauma on mental health is crucial for healthcare providers, policymakers, and society as a whole, as it can inform the development of interventions and policies aimed at preventing and treating childhood trauma and its long-term effects.
', 'dlee456', 'Psychology'),
    ('2023-03-18 11:30:00', 'The Evolution of Abstract Art', 'In this lecture, we examined the evolution of abstract art and its impact on the art world. Abstract art is characterized by the use of non-representational forms, shapes, colours, and lines to create visual compositions that evoke emotions and ideas rather than depict recognizable objects.

We discussed the origins of abstract art in the early 20th century, with artists such as Wassily Kandinsky and Kazimir Malevich pioneering the movement. We explored the various styles and movements within abstract art, such as cubism, expressionism, and minimalism, and how they have evolved over time.

We also discussed the impact of abstract art on the art world and on society as a whole. Abstract art has challenged traditional notions of art, including the idea that art must depict recognizable objects, and has opened up new possibilities for artistic expression and experimentation. It has also influenced other fields, such as design, architecture, and fashion.

The lecture was important because abstract art has had a significant impact on the art world and on society, and understanding its evolution and impact is crucial for anyone interested in art and culture. The lecture also highlighted the importance of artistic expression and experimentation, and how art can challenge and change our perspectives and ideas.
', 'jdoe123', 'Art'),
    ('2023-03-19 09:45:00', 'The Power and Influence of Social Media', 'In this lecture, we discussed the power and influence of social media in todays society. Social media platforms, such as Facebook, Twitter, and Instagram, have revolutionized the way people communicate and interact with each other, as well as how they consume and share information.

We examined how social media has transformed traditional media, such as television and print, and has enabled anyone with an internet connection to create and share content. We also discussed how social media has facilitated the spread of information and ideas, and how it has influenced public opinion and political discourse.

Furthermore, we explored the negative effects of social media, including the spread of fake news and disinformation, the proliferation of hate speech and cyberbullying, and the impact of social media on mental health and well-being.

The lecture was important because social media is a powerful tool that has transformed the way we communicate, consume information, and engage with the world around us. It has also raised important ethical and social issues that require thoughtful consideration and regulation. Understanding the power and influence of social media is crucial for anyone interested in media, communication, or technology, as well as for policymakers and society as a whole.
', 'ajohnson789', 'Media'),
    ('2023-03-19 14:15:00', 'The Importance of Corporate Social Responsibility (CSR)', 'In this lecture, we discussed the importance of corporate social responsibility (CSR) in todays business world. CSR refers to a companys responsibility to operate in a way that considers the impact of its actions on society, the environment, and the economy.

We explored the different aspects of CSR, including ethical behavior, sustainability, and community involvement. We also discussed how CSR can benefit companies by improving their reputation, increasing employee engagement and retention, and enhancing customer loyalty.

Furthermore, we examined the challenges and barriers to implementing CSR, such as cost considerations, lack of accountability, and conflicting priorities.

The lecture was important because CSR has become increasingly important to consumers and stakeholders, who expect companies to act in a socially and environmentally responsible manner. Understanding the importance of CSR is crucial for business leaders and managers, as it can inform their decision-making and strategic planning. Additionally, the lecture highlighted the potential benefits of CSR, both for companies and for society as a whole, and emphasized the importance of balancing social responsibility with economic viability.
', 'ewilson123', 'Business'),
    ('2023-03-20 10:30:00', 'The Role of Precedent in Common Law Jurisdictions', 'In this lecture, we explored the role of precedent in common law jurisdictions, such as the United States and the United Kingdom. Precedent refers to the legal principle that past court decisions should be followed in similar cases, creating a system of legal consistency and predictability.

We discussed the different types of precedent, including binding and persuasive precedent, and how they are used in legal decision-making. We also examined the importance of the hierarchy of courts in the development of precedent, with higher courts establishing binding precedent that lower courts must follow.

Furthermore, we examined the limitations and criticisms of the use of precedent in common law jurisdictions, such as the potential for rigidity and inflexibility in the law, and the potential for outdated or unjust precedents to be followed.

The lecture was important because the use of precedent is a fundamental aspect of common law jurisprudence, and understanding its role and limitations is crucial for anyone studying or practicing law in a common law jurisdiction. Additionally, the lecture highlighted the ongoing debate over the use of precedent in the law, and emphasized the importance of balancing the need for consistency and predictability with the need for legal flexibility and justice.
', 'dlee456', 'Law'),
    ('2023-03-20 15:45:00', 'Exploring Musical Traditions: From Baroque to Contemporary', 'In this music seminar, we explored the evolution of Western classical music from the Baroque period to contemporary times. We discussed the key characteristics and composers of each era, and examined how they reflected the broader cultural and social contexts of their time.

We began by discussing the Baroque period, with its elaborate ornamentation, use of counterpoint, and the emergence of opera. We then moved on to the Classical period, with its emphasis on simplicity and clarity, and the emergence of the symphony and the sonata form. We discussed the Romantic period, with its emphasis on emotional expression and individualism, and the emergence of program music and virtuosity. Finally, we examined contemporary classical music, with its wide range of styles and influences, including minimalism, experimental music, and cross-cultural fusion.

Throughout the seminar, we also discussed the ways in which musical traditions are passed down and preserved, and how they continue to evolve and adapt over time.

The seminar was important because it provided a comprehensive overview of Western classical music, its evolution, and its relationship to broader cultural and social contexts. It also emphasized the importance of exploring and preserving musical traditions, and how they can continue to inspire and influence contemporary music.
', 'mgarcia789', 'Music');
INSERT INTO posts (post_date, post_title, post_content, username, topic_title) VALUES ('2023-03-31 09:00:00', 'The Importance of Theatre in Education', 'In this lecture, we discussed the importance of theatre in education. We talked about how theatre can help students develop important skills such as public speaking, critical thinking, and teamwork. We also explored how theatre can be used to teach important historical events and social issues. By engaging with theatre, students can gain a deeper understanding of complex topics and develop empathy for others. We also discussed how theatre can be used to promote diversity and inclusivity in the classroom. By exploring different cultures and perspectives through theatre, students can learn to appreciate and respect differences. In conclusion, theatre is an important tool for education that can help students develop crucial skills and gain a deeper understanding of the world around them.', 'ajohnson789', 'Theatre');

INSERT INTO posts (post_date, post_title, post_content, username, topic_title) VALUES ('2023-04-01 14:00:00', 'The Evolution of Theatre Lighting', 'In this lecture, we explored the evolution of theatre lighting. We talked about how early theatre productions used candles and torches for lighting, which created a limited and inconsistent visual experience for the audience. We then discussed the introduction of gas lighting in the 19th century, which allowed for more controlled and nuanced lighting effects. Finally, we talked about modern lighting techniques such as LED and intelligent lighting, which have revolutionized the way theatre productions can use light to create mood and atmosphere. We also discussed how lighting can be used to enhance storytelling and support the emotional journey of the audience. In conclusion, theatre lighting has come a long way over the centuries and continues to play a crucial role in creating immersive and memorable theatre experiences.', 'dlee456', 'Theatre');

INSERT INTO posts (post_date, post_title, post_content, username, topic_title) VALUES ('2023-04-02 11:30:00', 'The Art of Improvisation in Theatre', 'In this lecture, we explored the art of improvisation in theatre. We talked about how improvisation can be used to create spontaneous and authentic performances that engage the audience in a unique way. We also discussed the importance of trust, collaboration, and active listening in successful improvisation. By building a strong foundation of trust and collaboration, actors can work together to create improvised scenes that are engaging and entertaining. We also discussed how improvisation can be used to develop crucial skills such as adaptability and creativity, which are valuable in many aspects of life. In conclusion, improvisation is a powerful tool in theatre that can create unique and memorable performances while also developing important life skills.', 'ajohnson789', 'Theatre');

INSERT INTO posts (post_date, post_title, post_content, username, topic_title) VALUES('2023-03-31 13:00:00', 'The Future of Quantum Computing', 'In this talk, we discussed the future of quantum computing and how it may revolutionize the world of technology. We explored the basics of quantum mechanics and how they are applied in quantum computing to create faster and more efficient computers. We also talked about the potential applications of quantum computing in various fields such as cryptography, drug discovery, and artificial intelligence. Finally, we discussed the challenges that still need to be overcome to make quantum computing a practical and widely used technology. In conclusion, quantum computing holds great promise for the future of technology and will likely play a significant role in many fields.', 'wbrown789', 'Computer Science');

INSERT INTO posts (post_date, post_title, post_content, username, topic_title) VALUES('2023-04-01 11:00:00', 'The Ethics of Artificial Intelligence', 'In this talk, we explored the ethical considerations surrounding the development and use of artificial intelligence. We talked about the potential benefits of AI in fields such as healthcare, transportation, and education. However, we also discussed the potential risks of AI such as job displacement, privacy concerns, and biases in decision-making. We also talked about the responsibility of developers and policymakers to ensure that AI is developed and used in an ethical and responsible manner. Finally, we discussed possible solutions to address these ethical concerns and ensure that AI is used for the benefit of all. In conclusion, the development and use of AI must be approached with careful consideration of the ethical implications.', 'snguyen456', 'Computer Science');

INSERT INTO posts (post_date, post_title, post_content, username, topic_title) VALUES('2023-04-02 09:30:00', 'The Importance of Cybersecurity', 'In this talk, we discussed the importance of cybersecurity in todays digital age. We talked about the various threats that exist in the digital world such as hacking, malware, and phishing attacks. We also discussed the potential consequences of cyber attacks such as data breaches, financial loss, and reputational damage. We talked about the various methods that can be used to protect against these threats such as firewalls, encryption, and security protocols. Finally, we discussed the importance of staying up to date with the latest developments in cybersecurity and maintaining a culture of security in organizations. In conclusion, cybersecurity is an essential aspect of modern technology and must be taken seriously to ensure the safety and security of individuals and organizations.', 'snguyen456', 'Computer Science'); 


INSERT INTO posts (post_date, post_title, post_content, username, topic_title) VALUES('2023-03-31 10:00:00', 'The Art of Storytelling in Literature', 'In this lecture, we explored the art of storytelling in literature. We discussed how authors use various techniques such as character development, plot structure, and setting to create compelling narratives that resonate with readers. We also talked about how storytelling can be used to explore complex themes and issues such as identity, morality, and social justice. By analyzing different literary works, we can gain a deeper understanding of the power of storytelling and how it can shape our perceptions of the world. In conclusion, storytelling is an essential aspect of literature that allows us to explore the human experience and gain new insights into ourselves and others.', 'ewilson123', 'English');

INSERT INTO posts (post_date, post_title, post_content, username, topic_title) VALUES('2023-04-01 15:00:00', 'The Evolution of the English Language', 'In this lecture, we explored the evolution of the English language from its origins to the present day. We discussed the influences of other languages such as Latin, French, and German on the development of English. We also talked about the changes in pronunciation, grammar, and vocabulary over time and how they reflect historical and cultural developments. Finally, we discussed the role of English as a global language and the challenges and opportunities this presents. In conclusion, the evolution of English is a fascinating and complex topic that sheds light on the history and diversity of the language.', 'bsmith789', 'English');

INSERT INTO posts (post_date, post_title, post_content, username, topic_title) VALUES('2023-04-02 12:00:00', 'The Importance of Diverse Voices in Literature', 'In this lecture, we discussed the importance of diverse voices in literature. We talked about how literature can reflect and shape our understanding of different cultures, perspectives, and experiences. We also discussed the historical lack of diversity in the publishing industry and how this has limited the representation of diverse voices in literature. By exploring works by writers from diverse backgrounds, we can gain a deeper understanding of the complexities of human experience and challenge our assumptions and biases. In conclusion, diverse voices in literature are essential for promoting empathy, understanding, and social justice.', 'ajohnson789', 'English');

INSERT INTO posts (post_date, post_title, post_content, username, topic_title) VALUES('2023-04-03 10:00:00', 'The Power of Photography', 'In this talk, we explored the power of photography as a medium for storytelling and cultural representation. We discussed the history of photography and how it has evolved over time, from black and white film to modern digital cameras. We also talked about the impact of photography on society, from its use in photojournalism to its role in shaping cultural norms and identities. Finally, we discussed the ethical considerations of photography, such as consent and representation, and how photographers can use their work to promote social change. In conclusion, photography has the power to inspire, educate, and unite people across cultures and communities.', 'otaylor123', 'Visual Cultures');

INSERT INTO posts (post_date, post_title, post_content, username, topic_title) VALUES('2023-04-02 14:00:00', 'The Art of Animation', 'In this talk, we explored the art of animation and how it has evolved over time. We discussed the history of animation, from hand-drawn cells to modern computer-generated graphics, and the different techniques used in the animation process. We also talked about the cultural significance of animation, from its role in shaping popular culture to its use in education and advertising. Finally, we discussed the future of animation and its potential for innovation and growth. In conclusion, animation is a powerful medium for storytelling and cultural expression that continues to evolve and inspire.', 'wbrown789', 'Visual Cultures');

INSERT INTO posts (post_date, post_title, post_content, username, topic_title) VALUES('2023-04-01 16:30:00', 'The Influence of Street Art', 'In this talk, we explored the influence of street art on contemporary culture and art movements. We discussed the history of street art, from its origins in graffiti to its current status as a recognized form of art. We also talked about the different techniques used in street art, from spray paint to stencils, and the messages and themes often found in street art. Finally, we discussed the impact of street art on society and how it has influenced mainstream art and culture. In conclusion, street art is a powerful and transformative form of expression that continues to push boundaries and inspire change.', 'mgarcia789', 'Visual Cultures');

INSERT INTO posts (post_date, post_title, post_content, username, topic_title) VALUES('2023-04-03 10:00:00', 'The Art of Contemporary Dance', 'In this talk, we explored the art of contemporary dance and how it has evolved over the years. We talked about the various styles of contemporary dance and how they are used to express different emotions and ideas. We also discussed the use of technology in contemporary dance and how it has changed the way performances are created and experienced. Finally, we talked about the importance of contemporary dance in modern society and how it can be used to bring people together and promote social change. In conclusion, contemporary dance is a beautiful and powerful art form that has the ability to inspire and connect people in meaningful ways.', 'dlee456', 'Dance and Performance');

INSERT INTO posts (post_date, post_title, post_content, username, topic_title) VALUES('2023-04-04 14:00:00', 'The Role of Improvisation in Dance', 'In this talk, we discussed the role of improvisation in dance and how it can be used to create unique and innovative performances. We talked about the different techniques and approaches to improvisation in dance and how they can be applied to different styles and genres. We also talked about the importance of collaboration and communication in improvisational dance and how it can lead to unexpected and beautiful moments on stage. Finally, we discussed the challenges and risks of improvisation in dance and how dancers can prepare themselves to take on these challenges. In conclusion, improvisation is an essential aspect of dance that allows for creativity, spontaneity, and connection between dancers and audience.', 'wbrown789', 'Dance and Performance'), ('2023-04-05 11:30:00', 'Exploring the Intersection of Dance and Technology', 'In this talk, we explored the intersection of dance and technology and how it is changing the way we create and experience performances. We talked about the use of motion capture and virtual reality in dance and how they can be used to create immersive and interactive performances. We also talked about the challenges and opportunities of integrating technology into dance and how it can enhance the artistic expression and storytelling. Finally, we discussed the future of dance and technology and how they will continue to shape and transform the art form. In conclusion, the integration of technology into dance opens up exciting possibilities for the future of the art form.', 'otaylor123', 'Dance and Performance'), ('2023-04-03 12:00:00', 'Exploring the World of Linguistics', 'In this talk, we explored the fascinating world of linguistics and the beauty of language. We discussed the origins and evolution of languages, as well as the diversity of languages around the world. We also talked about the structure of language and the different components such as phonetics, syntax, and semantics. Additionally, we talked about the importance of language in human communication and how it influences culture and identity. In conclusion, language is a fascinating and integral part of human life that deserves appreciation and exploration.', 'ajohnson789', 'Languages'), ('2023-04-04 10:30:00', 'Learning a New Language: Tips and Tricks', 'In this talk, we shared tips and tricks for learning a new language effectively. We discussed the importance of setting realistic goals and creating a study plan that fits with ones schedule and learning style. We also talked about the benefits of immersion and practicing with native speakers, as well as using technology to aid in language learning. Additionally, we addressed common challenges that learners may encounter and provided strategies for overcoming them. In conclusion, learning a new language is a rewarding experience that requires dedication and commitment, but can open up new opportunities and perspectives.', 'mgarcia789', 'Languages'), ('2023-04-05 14:00:00', 'The Art of Translation', 'In this talk, we discussed the challenges and rewards of translation as an art form. We talked about the importance of preserving meaning and nuance in translation, as well as the difficulty of balancing accuracy and creativity. Additionally, we explored the role of translation in bridging cultural and linguistic divides, as well as its impact on literature and other forms of art. Finally, we talked about the future of translation and the potential for technology to transform the field. In conclusion, translation is a complex and valuable art form that deserves recognition and appreciation.', 'mgarcia789', 'Languages'), ('2023-04-03 16:00:00', 'The Evolution of Jazz Music', 'In this talk, we explored the history and evolution of jazz music. We talked about its roots in African American communities in the early 20th century and how it spread to become a global phenomenon. We also discussed the various styles of jazz, such as swing, bebop, and fusion, and the influential musicians who pioneered them. Finally, we talked about the current state of jazz and its continued relevance in modern music. In conclusion, jazz music has had a profound impact on the music industry and continues to be an important genre in modern music.', 'wbrown789', 'Music'), ('2023-04-03 18:30:00', 'The Art of Songwriting', 'In this talk, we discussed the art of songwriting and what makes a great song. We talked about the importance of storytelling, melody, and lyrics in creating a memorable and meaningful song. We also discussed the various techniques and tools that songwriters use, such as chord progressions, hooks, and bridges. Finally, we talked about the challenges and rewards of songwriting and how it can be a powerful form of expression. In conclusion, songwriting is a craft that requires both talent and hard work, and the best songs are those that can connect with listeners on a deep and emotional level.', 'wbrown789', 'Music'), ('2023-04-03 14:00:00', 'Minimalism in Design: Less is More', 'In this article, we explore the concept of minimalism in design and how it can be used to create impactful and memorable designs. We discuss the philosophy behind minimalism, which involves the use of simple and clean designs that focus on the essentials. We also talk about the benefits of minimalism in design, such as increased clarity and ease of use. Finally, we provide examples of minimalist designs in various fields such as graphic design, interior design, and product design. In conclusion, minimalism is a powerful tool in design that can be used to create effective and visually appealing designs.', 'dlee456', 'Design'), ('2023-04-03 15:30:00', 'The Psychology of Color in Design', 'In this post, we explore the role of color in design and how it can influence the way people perceive and interact with designs. We discuss the psychological effects of different colors and how they can be used to convey emotions and create specific moods. We also talk about the importance of color harmony and contrast in creating visually appealing designs. Finally, we provide examples of how color is used in various fields such as branding, advertising, and web design. In conclusion, understanding the psychology of color in design is crucial for creating effective and engaging designs.', 'dlee456', 'Design'), ('2023-04-03 15:00:00', 'The Art of Mixed Media', 'In this talk, we explored the world of mixed media art and the unique creative opportunities it presents. We discussed the various techniques and materials used in mixed media art such as collage, paint, found objects, and digital elements. We also talked about the ways in which mixed media can be used to express complex ideas and emotions, and how it can blur the lines between traditional art forms. Finally, we discussed the growing popularity of mixed media art and its potential to reshape the contemporary art world. In conclusion, mixed media art offers a rich and diverse space for artists to explore and push the boundaries of traditional art forms.', 'ewilson123', 'Art');


INSERT INTO posts (post_date, post_title, post_content, username, topic_title) VALUES('2023-03-19 09:45:00', 'The Power and Influence of Social Media', 'In this lecture, we discussed the power and influence of social media in todays society. Social media platforms, such as Facebook, Twitter, and Instagram, have revolutionized the way people communicate and interact with each other, as well as how they consume and share information.

We examined how social media has transformed traditional media, such as television and print, and has enabled anyone with an internet connection to create and share content. We also discussed how social media has facilitated the spread of information and ideas, and how it has influenced public opinion and political discourse.

Furthermore, we explored the negative effects of social media, including the spread of fake news and disinformation, the proliferation of hate speech and cyberbullying, and the impact of social media on mental health and well-being.

The lecture was important because social media is a powerful tool that has transformed the way we communicate, consume information, and engage with the world around us. It has also raised important ethical and social issues that require thoughtful consideration and regulation. Understanding the power and influence of social media is crucial for anyone interested in media, communication, or technology, as well as for policymakers and society as a whole.
', 'ajohnson789', 'Media'), ('2023-04-02 11:30:00', 'The Power of Design in Business', 'In todays world, design has become an essential aspect of business strategy. The lecture on design emphasized how design thinking can be used to create innovative solutions to complex problems and drive business success.

Design thinking involves a creative and iterative approach to problem-solving that prioritizes the users needs and experiences. The lecture provided examples of companies such as Apple and Airbnb that have successfully used design thinking to create user-centered products and services that have disrupted their respective industries. 

The lecture also discussed the importance of visual design in branding and marketing. Effective visual design can help a company differentiate itself from competitors and communicate its brand identity to consumers. We were shown examples of companies that have successfully used visual design in their branding such as Nike, Coca-Cola, and McDonalds.

Lastly, the lecture touched upon the role of design in sustainability and social responsibility. We were shown examples of companies that have used sustainable design practices to reduce their environmental impact and promote ethical practices.

In conclusion, the lecture on design highlighted the importance of design thinking and visual design in driving business success. It also underscored the significance of design in promoting sustainability and social responsibility.
', 'jdoe456', 'Design'), ('2023-04-03 09:00:00', 'The Beauty of Art: A Reflection', 'As an art enthusiast, I attended a lecture on the topic of art, where the speaker passionately spoke about the beauty of art and its significance in our lives. The lecture provided insights on how art allows us to express ourselves, communicate our emotions and ideas, and connect with others on a deeper level.

One of the main takeaways was the idea that art is not just about aesthetics, but it is a form of storytelling that can transcend language and cultural barriers. Art enables us to appreciate and learn about different cultures and their unique perspectives. The speaker also emphasized that art is not limited to traditional forms such as painting or sculpture, but it encompasses a wide range of creative expressions such as performance art, conceptual art, and installation art.

The lecture also discussed the role of art in society and how it has been used to provoke social change and challenge the status quo. We were shown examples of artworks that have been used to raise awareness about various issues such as human rights, environmentalism, and political oppression.

In conclusion, the lecture on art reminded me of the importance of art in our lives and its ability to enrich and inspire us. It also made me appreciate the diversity and richness of the art world and its potential to create a positive impact on our society.', 'jdoe123', 'Art'), ('2022-02-10 10:00:00', 'The Role of Political Parties in a Democratic Society', 'In this lecture, we discussed the role of political parties in a democratic society. Political parties play a critical role in representing the interests of citizens and promoting democratic values such as freedom, equality, and justice.

One of the key functions of political parties is to provide a platform for citizens to express their political preferences and opinions. By organizing and coordinating political campaigns, parties mobilize voters and ensure that their voices are heard in the political process. Additionally, parties play a key role in shaping public policy by advocating for specific policy positions and negotiating with other parties to reach a consensus.

However, the lecture also highlighted some challenges and criticisms of political parties. One challenge is the increasing polarization and divisiveness in modern politics, which can make it difficult for parties to work together and reach compromises. Another criticism is that parties can become overly focused on winning elections and promoting their own interests rather than representing the needs and concerns of citizens.

Despite these challenges, political parties remain a crucial part of democratic societies. Through their involvement in the political process, parties ensure that citizens have a voice in shaping the future of their communities and countries. As such, it is important that citizens stay informed about political parties and their platforms in order to make informed decisions at the ballot box.', 'otaylor123', 'Politics'), ('2023-04-03 16:30:00', 'The Sociological Imagination and Its Relevance Today', 'In this lecture on sociology, we discussed the concept of the sociological imagination and its relevance in todays society. The sociological imagination refers to the ability to see the connections between individual experiences and wider social, cultural, and historical contexts. It allows us to understand how personal troubles are related to public issues and how social structures and institutions shape individual behavior and life chances.

We explored how the sociological imagination can help us make sense of a range of social issues and problems, such as poverty, inequality, and discrimination. By examining the structural factors that contribute to these issues, we can develop more effective strategies for addressing them.

Moreover, we discussed the relevance of the sociological imagination in todays society, particularly in the context of the COVID-19 pandemic. The pandemic has highlighted existing social inequalities and vulnerabilities, such as the unequal distribution of healthcare resources and the impact of lockdowns on different social groups.

Overall, the sociological imagination provides us with a powerful tool for understanding and addressing social issues and problems. By recognizing the interconnectedness of personal and social experiences, we can work towards creating a more just and equitable society.', 'ajohnson789', 'Sociology');
INSERT INTO posts (post_date, post_title, post_content, username, topic_title) VALUES ('2023-04-04', 'Anthropology and Cultural Evolution', 'In today’s anthropology lecture, we discussed cultural evolution and its various dimensions. We delved into the different cultural evolutionary models such as multilinear evolution, unilinear evolution, and historical particularism. Our professor explained how these models relate to the study of societies and their cultural transformations over time. He gave examples of how cultural evolution can be traced in the way societies adapt to changing environments and technology. The lecture was informative and thought-provoking, leaving us with a deeper understanding of how societies change over time.', 'jdoe456', 'Anthropology'), ('2023-04-04', 'Cultural Relativism in Anthropology', 'Today’s anthropology lecture was on cultural relativism. The concept of cultural relativism states that all cultures are equally valid and should be studied and analysed in their own terms. The lecture focused on how cultural relativism is a necessary tool for understanding different cultural practices without imposing our own cultural biases. We also discussed how cultural relativism can be a challenge in reconciling with human rights issues that may arise in different cultures. Our professor challenged us to think critically about our own cultural biases and how they may influence our perceptions and understanding of other cultures. Overall, the lecture was enlightening and provided valuable insights into the complexities of cultural relativism.', 'snguyen456', 'Anthropology'), ('2023-04-04', 'Anthropology and Human Adaptation', 'Today’s anthropology lecture was on human adaptation. We learned how humans have adapted to various environmental conditions throughout history, including migration and technological innovations. Our professor explained how these adaptations have shaped the evolution of the human species and its diverse cultures. We also discussed how different societies have adapted to modern challenges such as globalization and climate change. The lecture provided us with a deeper understanding of how human beings have evolved and adapted throughout history and the challenges we face in the present and future. It was an engaging and thought-provoking lecture that left us with a deeper appreciation for the complexity of human adaptation.', 'dlee456', 'Anthropology');
INSERT INTO posts (post_date, post_title, post_content, username, topic_title) VALUES ('2023-04-04 12:00:00', 'Politics and Democracy', 'In today’s lecture on politics, we delved into the fundamental principles of democracy. The professor explained how democracy promotes equality and the role of citizens in decision-making. The lecture also covered the different types of democracies and their benefits and drawbacks. The professor highlighted the importance of democratic institutions in upholding the rule of law and preventing authoritarianism. Overall, the lecture emphasized the importance of civic participation and how democracy empowers individuals to shape their societies. As a political science major, I found the lecture informative and thought-provoking.', 'ajohnson789', 'Politics'), ('2023-04-04 12:00:00', 'The Intersection of Politics and Economics', 'Today’s politics lecture explored the complex relationship between politics and economics. The professor discussed how policies such as taxation, trade agreements, and social welfare programs are used to regulate the economy. The lecture also covered the role of political institutions in shaping economic outcomes, and how economic inequality can lead to political instability. The professor emphasized the importance of understanding the political economy in order to make informed decisions as citizens and policymakers. As an economics major, I found the lecture engaging and informative, and it provided a valuable perspective on the intersection of two crucial fields of study.', 'mgarcia789', 'Politics'), ('2023-04-04 12:00:00', 'Globalization and its Political Implications', 'In today’s politics lecture, we explored the impact of globalization on politics and society. The professor explained how globalization has led to increased economic interdependence and cultural exchange, but also created new challenges such as environmental degradation and income inequality. The lecture also covered the rise of populism and nationalism in response to globalization, and the potential implications for international cooperation and peace. The professor emphasized the importance of understanding the complex forces driving globalization and their political consequences. As a student interested in international affairs, I found the lecture insightful and thought-provoking.', 'snguyen456', 'Politics');
INSERT INTO posts (post_date, post_title, post_content, username, topic_title) VALUES ('2023-04-04 12:00:00', 'History: The Renaissance Period', 'The Renaissance period was a cultural and artistic movement that spanned from the 14th to the 17th century in Europe. This period was characterized by the revival of classical art, literature, and philosophy. The Renaissance also saw the rise of humanism, a philosophical belief that emphasized the importance of human values and individualism. Some of the most famous artists and thinkers of the Renaissance include Leonardo da Vinci, Michelangelo, William Shakespeare, and Galileo Galilei. This period had a profound impact on the world and its legacy can still be felt today.', 'ajohnson789', 'History'), ('2023-04-04 14:00:00', 'History: The Industrial Revolution', 'The Industrial Revolution was a period of rapid industrialization that took place in Europe and North America from the 18th to the 19th century. This period saw the development of new technologies, such as the steam engine, which revolutionized the way goods were produced and transported. The Industrial Revolution also led to significant social and economic changes, including the growth of urbanization and the rise of the middle class. Some of the most notable inventors and entrepreneurs of the Industrial Revolution include James Watt, Eli Whitney, and John D. Rockefeller. This period laid the foundation for modern industrial society.', 'bsmith789', 'History');
INSERT INTO posts (post_date, post_title, post_content, username, topic_title) VALUES ('2023-04-04', 'Sociology: Understanding the Impact of Social Norms', 'In todays sociology lecture, we explored the concept of social norms and their impact on our everyday lives. We discussed how these norms are created, maintained, and enforced by society, and how they can have both positive and negative effects on individuals and communities. We also examined how social norms vary across cultures and how they can change over time. Through case studies and group discussions, we gained a deeper understanding of the ways in which social norms influence our behavior and shape our identities.', 'ajohnson789', 'Sociology'), ('2023-04-04', 'Sociology: Exploring the Complexities of Gender Identity', 'Todays sociology lecture focused on the complex and evolving nature of gender identity. We discussed how society constructs gender and how this construction can limit individuals who do not fit into traditional gender roles. We examined the social, cultural, and political factors that influence gender identity, including the media, education, and religion. We also discussed the experiences of transgender and non-binary individuals and the challenges they face in a society that often marginalizes and stigmatizes them. Through this lecture, we gained a better understanding of the importance of recognizing and respecting diverse gender identities.', 'mgarcia789', 'Sociology');
INSERT INTO posts (post_date, post_title, post_content, username, topic_title) VALUES ('2023-04-04', 'Psychology Lecture: The Power of Positive Thinking', 'In todays psychology lecture, we explored the topic of positive thinking and how it can impact our mental health. Research has shown that individuals who engage in positive thinking tend to have better coping mechanisms, higher self-esteem, and a more positive outlook on life. We also discussed techniques such as cognitive restructuring and visualization, which can be used to cultivate a more positive mindset. This lecture was a great reminder that our thoughts have a powerful impact on our emotions and behaviors, and that we have the ability to reframe our thinking to improve our well-being.', 'jdoe456', 'Psychology'), ('2023-04-04', 'Psychology Lecture: The Effects of Social Media on Mental Health', 'Todays psychology lecture focused on the effects of social media on mental health. We discussed the impact of social comparison, cyberbullying, and the addictive nature of social media on individuals well-being. The lecture also explored the importance of setting boundaries with social media use and practicing self-care. It was eye-opening to learn about the potential negative effects of social media on mental health and the importance of being mindful about our social media consumption. Overall, this lecture highlighted the need for greater awareness and education on the topic of social media and mental health.', 'snguyen456', 'Psychology');
INSERT INTO posts (post_date, post_title, post_content, username, topic_title) VALUES('2022-10-10', 'Media and Its Influence on Society', 'During a recent media lecture, the discussion focused on the powerful impact of media on society. From social media platforms to traditional forms of journalism, media has the ability to shape public opinion, influence political outcomes, and even affect mental health. The lecture emphasized the importance of critical media literacy and the need for individuals to be able to analyze and evaluate the messages they are consuming. As a society, we must be mindful of the power of media and work towards creating a media landscape that is ethical, diverse, and representative of all voices.', 'snguyen456', 'Media');
INSERT INTO posts (post_date, post_title, post_content, username, topic_title) VALUES ('2023-04-04', 'Education for the Future', 'The lecture on education for the future was thought-provoking. The speaker emphasized the need for students to develop skills in critical thinking, problem-solving, and creativity to succeed in the 21st century. The lecture also focused on the importance of interdisciplinary learning and the integration of technology in education. The speaker emphasized the need for educators to create learning environments that promote collaboration, experimentation, and innovation. The lecture made me realize that education is not just about acquiring knowledge but also about developing skills that prepare students for the future. As a student, I will make a conscious effort to develop these skills to become a well-rounded individual.', 'ajohnson789', 'Education'), ('2023-04-04', 'The Role of Teachers in Education', 'The lecture on the role of teachers in education was insightful. The speaker emphasized the importance of teachers in shaping the future of their students. The lecture focused on the need for teachers to be knowledgeable, empathetic, and patient. The speaker emphasized the need for teachers to create inclusive learning environments that cater to the diverse needs of their students. The lecture made me realize that teachers play a critical role in shaping the future of their students. As a student, I will make a conscious effort to appreciate and respect the role of teachers in my education journey.', 'dlee456', 'Education'), ('2023-04-04', 'The Benefits of Education', 'The lecture on the benefits of education was enlightening. The speaker emphasized that education is not just about getting a degree but also about developing ones mind and character. The lecture focused on the importance of education in creating opportunities, improving health, and reducing poverty. The speaker emphasized that education is a fundamental human right and should be accessible to everyone. The lecture made me realize that education is not just a means to an end but also an end in itself. As a student, I will make a conscious effort to appreciate the value of education and use it to make a positive impact in my life and society.', 'jdoe456', 'Education');
INSERT INTO posts (post_date, post_title, post_content, username, topic_title) VALUES ('2023-04-04', 'The Art of Effective Decision Making', 'Management is the art of making decisions in the most effective and efficient manner. Good managers possess the ability to make tough decisions and take calculated risks to ensure success. One important aspect of decision making is the ability to identify the root cause of a problem, and then brainstorm multiple solutions to tackle it. Managers should evaluate the pros and cons of each solution, and then choose the most appropriate one. This lecture taught me the importance of making decisions based on data and logic rather than emotions. In conclusion, decision making is an integral part of management, and one must master this art to become a successful manager.', 'jdoe456', 'Management'), ('2023-04-04', 'Management - The Art of Effective Communication', 'Effective communication is a crucial skill for any successful manager. This lecture emphasized the importance of clear and concise communication with team members, stakeholders, and clients. Good managers are skilled at communicating their vision, objectives, and expectations to their team members. They are also good listeners, who are open to feedback and willing to collaborate. In addition, effective communication reduces misunderstandings and conflicts, increases productivity, and builds trust. This lecture taught me that communication is not just about conveying messages but also about building relationships. In conclusion, effective communication is a key aspect of management, and one must develop this skill to become a successful manager.', 'bsmith789', 'Management'), ('2023-04-04', 'Management - The Art of Motivation', 'Motivation is a driving force that inspires individuals to achieve their goals. This lecture highlighted the importance of motivating team members to achieve the organizations objectives. Good managers motivate their team members by providing feedback, recognizing their achievements, and providing opportunities for growth and development. They also set realistic goals and create a positive work environment that fosters teamwork, creativity, and innovation. Motivated employees are more productive, engaged, and committed to their work. This lecture taught me that motivation is not just about financial incentives but also about creating a sense of purpose and belonging. In conclusion, motivation is an essential aspect of management, and one must master this art to become a successful manager.', 'ajohnson789', 'Management');
INSERT INTO posts (post_date, post_title, post_content, username, topic_title) VALUES ('2023-04-04', 'The Art of Networking in Business', 'In today’s business lecture, we learned about the importance of networking in the corporate world. The speaker emphasized that networking is more than just exchanging business cards; it’s about building genuine connections and relationships. The lecturer highlighted the power of networking to open doors to new opportunities and collaborations. We learned that networking is not just limited to attending events but can also be done online through social media platforms. The lecturer also gave tips on how to network effectively, including being authentic, being a good listener, and following up with contacts. Overall, the lecture was insightful, and I look forward to implementing these strategies in my future business endeavors.', 'ajohnson789', 'Business');
INSERT INTO posts (post_date, post_title, post_content, username, topic_title) VALUES ('2023-04-04', 'The Evolution of Human Rights', 'In todays Law lecture, we discussed the evolution of human rights throughout history. We learned that the concept of human rights originated in the 17th and 18th centuries during the Age of Enlightenment. It was during this period that people began to question the traditional authority of monarchs and the church, and started to demand greater individual freedoms and protections. We also examined the Universal Declaration of Human Rights, adopted by the United Nations in 1948, which serves as a foundation for international human rights law. The lecture provided valuable insights into the complex and constantly evolving landscape of human rights law.', 'ewilson123', 'Law'), ('2023-04-04', 'Law Lecture: Criminal Law and the Principle of Mens Rea', 'Todays Law lecture focused on the principle of mens rea in criminal law. Mens rea, or "guilty mind," refers to the mental state of a defendant at the time of the offense. In order to be convicted of a crime, a defendant must have had the requisite mens rea at the time of the offense. We discussed the different levels of mens rea, ranging from intentional and knowing to reckless and negligent. We also explored the concept of strict liability, which imposes liability on a defendant regardless of their mental state. The lecture provided a comprehensive overview of the complex and nuanced principles of criminal law.', 'dlee456', 'Law');
INSERT INTO posts (post_date, post_title, post_content, username, topic_title) VALUES ('2023-04-04 09:00:00', 'Maximizing Profits', 'In today’s lecture, we discussed the importance of maximizing profits in business. Our guest speaker, a successful entrepreneur, shared insights on how businesses can increase revenue while reducing costs. One key takeaway was the need for businesses to constantly evaluate their pricing strategy, as well as identify and eliminate inefficiencies in their operations. The speaker also emphasized the importance of investing in employee training and development, as this can lead to increased productivity and better customer service. Overall, the lecture was insightful and provided practical tips for businesses of all sizes to improve their bottom line.', 'jdoe123', 'Business');
INSERT INTO posts (post_date, post_title, post_content, username, topic_title) VALUES ('2023-04-04', 'The Future of Artificial Intelligence in Computing', 'During todays computing lecture, we explored the future of artificial intelligence and how it is becoming increasingly integrated into our daily lives. The lecturer discussed the importance of understanding how AI works and how it can be used to improve various industries, including healthcare and transportation. The talk was informative and thought-provoking, leaving me excited about the potential of AI in the future of computing.', 'jdoe123', 'Computing'), ('2023-04-04', 'The Impact of Cybersecurity in Computing', 'In todays computing lecture, we delved into the importance of cybersecurity in the world of computing. The lecturer highlighted the various threats that exist in the digital world and how they can be mitigated. We also discussed the ethical considerations surrounding cybersecurity and the need to ensure privacy and security for all users. The lecture was insightful and informative, leaving me with a greater appreciation for the importance of cybersecurity in our daily lives.', 'jdoe456', 'Computing'), ('2023-04-04', 'The Rise of Quantum Computing', 'During todays computing lecture, we explored the exciting field of quantum computing and how it is revolutionizing the way we approach computational problems. The lecturer discussed the potential applications of quantum computing, such as in cryptography and drug discovery. We also discussed the challenges that come with developing and implementing quantum computers, including the need for highly specialized expertise. Overall, the lecture was fascinating and left me with a greater appreciation for the potential of quantum computing.', 'bsmith789', 'Computing'), ('2023-04-04', 'The Evolution of Video Games', 'In todays games computing lecture, we explored the evolution of video games and how they have evolved over the years. We discussed the technological advancements that have made modern games possible, including realistic graphics and immersive gameplay. The lecturer also highlighted the increasing popularity of esports and the rise of virtual reality. Overall, the lecture was engaging and insightful, leaving me with a greater appreciation for the complexity of modern video games.', 'ajohnson789', 'Games Computing'), ('2023-04-04', 'The Psychology of Gaming', 'During todays games computing lecture, we delved into the psychology of gaming and how it affects the way we think and behave. The lecturer discussed the addictive nature of video games and the potential negative consequences of excessive gaming. We also discussed the benefits of gaming, such as improved cognitive function and social skills. Overall, the lecture was thought-provoking and left me with a greater understanding of the impact of gaming on our lives.', 'dlee456', 'Games Computing'), ('2023-04-04', 'The Future of Virtual Reality in Gaming', 'In todays games computing lecture, we explored the exciting field of virtual reality and how it is transforming the way we play games. The lecturer discussed the potential applications of virtual reality in gaming, such as creating more immersive experiences and improving accessibility. We also discussed the challenges that come with developing and implementing virtual reality games, including the need for powerful hardware and software. Overall, the lecture was fascinating and left me with a greater appreciation for the potential of virtual reality in gaming.', 'otaylor123', 'Games Computing');

INSERT INTO posts (post_date, post_title, post_content, username, topic_title) VALUES ('2023-04-05','The Importance of Cultural Appropriation in Art', 'In this lecture, we delved into the concept of cultural appropriation in art and its impact on society. We discussed how artists have been criticized for appropriating elements of other cultures without understanding or respecting their significance, and how this can perpetuate harmful stereotypes and misunderstandings.We explored the importance of acknowledging and respecting cultural traditions, and how artists can learn from different cultural perspectives to create work that is respectful and celebrates cultural diversity. We also discussed the ways in which cultural appropriation can be harmful to communities and how artists can avoid causing harm by engaging with different cultures in a respectful and ethical manner.By studying this issue, we can gain a deeper understanding of the importance of cultural sensitivity in art and learn how to create work that celebrates diverse cultural perspectives without causing harm.','dlee456','Art'),
('2023-04-05 16:00:00', 'The Intersection of Art and Technology', 'In this lecture, we examined the intersection of art and technology and how advancements in technology have shaped the creation and consumption of art. We discussed how digital technologies have made it easier for artists to create and share their work, and how they have changed the way audiences interact with art.We explored the ways in which technology has expanded the possibilities of artistic expression, such as the use of virtual and augmented reality to create immersive experiences for viewers. We also looked at the ethical implications of technology in art, such as issues of ownership, authenticity, and the impact of digital art on the environment.By studying the intersection of art and technology, we can gain a deeper understanding of the ways in which technology is changing the art world and its impact on society. We can also learn how to use technology to create new forms of artistic expression that engage with contemporary issues and push the boundaries of traditional art forms.', 'snguyen456', 'Art'),
('2023-04-05 16:30:00', 'The Role of Public Art in Urban Spaces', 'In this lecture, we explored the role of public art in urban spaces and its impact on the communities that inhabit them. We discussed how public art can transform public spaces, promote social cohesion, and contribute to the cultural identity of a city. We examined the challenges of creating public art, such as balancing the needs and interests of different stakeholders, and ensuring that the art is accessible and inclusive. We also looked at examples of successful public art installations, such as the Wall Street Bull in New York City and the Cloud Gate in Chicago. By studying the role of public art in urban spaces, we can gain a deeper understanding of the ways in which art can be used to shape public spaces and promote social and cultural engagement. We can also learn how to create art that engages with communities and contributes to the development of vibrant and inclusive cities.', 'otaylor123', 'Art');

INSERT INTO posts (post_date, post_title, post_content, username, topic_title) VALUES ('2023-04-05 17:00:00', 'The Importance of User-Centered Design', 'In this article, we explore the concept of user-centered design and how it can be used to create products and services that meet the needs of users. We discuss the benefits of a user-centered approach, such as increased user satisfaction, improved usability, and better business outcomes. We also talk about the key principles of user-centered design, such as involving users in the design process, conducting user research, and testing prototypes with users. Finally, we provide examples of successful products and services that have been designed with a user-centered approach. In conclusion, user-centered design is a crucial component of successful design and can lead to products and services that meet the needs of users while also achieving business goals.', 'wbrown789','Design'), 
('2023-04-05 17:30:00', 'The Role of Design in Sustainable Development', 'In this lecture, we explore the role of design in sustainable development and how designers can create products and services that are environmentally and socially responsible. We discuss the challenges of designing for sustainability, such as balancing economic and environmental concerns, and the key principles of sustainable design, such as reducing waste, using renewable materials, and designing for longevity. We also provide examples of sustainable design practices in various fields, such as fashion, architecture, and product design. In conclusion, design can play a significant role in promoting sustainable development and can contribute to a more equitable and sustainable future.', 'jdoe456', 'Design'),
('2023-04-05 18:00:00', 'The Evolution of Design Trends: Past, Present, and Future', 'In this lecture, we explore the evolution of design trends over time and how they reflect changes in society and technology. We discuss the key design movements of the past, such as Art Nouveau and Bauhaus, and how they influenced contemporary design. We also examine current design trends, such as flat design and skeuomorphism, and how they reflect contemporary design values and aesthetics. Finally, we speculate on the future of design trends, such as the potential impact of emerging technologies like artificial intelligence and virtual reality. In conclusion, the evolution of design trends reflects the changing values and aesthetics of society and provides insight into the future direction of design.', 'ajohnson789', 'Design');

INSERT INTO posts (post_date, post_title, post_content, username, topic_title) VALUES ('2023-04-05 19:00:00', 'The Power of Language: How Words Shape Our Worldview', 'In this article, we explore the power of language and how it shapes our worldview. We discuss the ways in which language influences our perception of reality, including the use of metaphors and framing. We also talk about the role of language in social and political contexts, such as how it can be used to create or reinforce power structures. Finally, we provide examples of how language has been used to effect change, both positively and negatively. In conclusion, language is a powerful tool that shapes our understanding of the world and can be used to effect change.','ewilson123', 'English'),
('2023-04-05 19:30:00', 'The Art of Storytelling: How to Craft Compelling Narratives', 'In this lecture, we explore the art of storytelling and how to craft compelling narratives. We discuss the elements of a good story, such as plot, character development, and conflict. We also talk about the importance of engaging the audience through emotion and sensory detail. Finally, we provide tips for aspiring storytellers, such as finding your unique voice and experimenting with different narrative techniques. In conclusion, the art of storytelling is a powerful tool for connecting with others and conveying important ideas. ', 'otaylor123', 'English'),
('2023-04-05 20:00:00', 'The Evolution of English: From Old English to Modern English', 'In this lecture, we explore the evolution of the English language from its origins in Old English to its current form in Modern English. We discuss the key linguistic features of each period, such as grammar, vocabulary, and pronunciation. We also talk about the historical and cultural context of each period, including the influence of Latin and French. Finally, we examine the ongoing changes in the English language, such as the influence of technology and globalization. In conclusion, the evolution of the English language reflects the dynamic nature of language and its role in shaping cultural identity.', 'snguyen456', 'English');

INSERT INTO posts (post_date, post_title, post_content, username, topic_title) VALUES ('2023-04-05 20:30:00', 'The Psychology of Music: How Music Affects Our Emotions', 'In this article, we explore the psychology of music and how it affects our emotions. We discuss the different components of music, such as melody, harmony, and rhythm, and how they interact to create emotional responses in listeners. We also talk about the role of music in regulating our moods and providing a means of emotional expression. Finally, we provide examples of how music has been used therapeutically to address a variety of emotional and mental health issues. In conclusion, the psychology of music is a rich and complex field that continues to reveal new insights into the human experience.', 'jdoe456','Music'),
('2023-04-05 21:00:00', 'Music and Society: How Music Reflects and Shapes Culture', 'In this lecture, we explore the relationship between music and society, and how music reflects and shapes cultural values and identities. We discuss the ways in which music is influenced by social and historical context, including the role of music in resistance movements and the expression of cultural pride. We also talk about the influence of technology and globalization on music production and distribution, and the ways in which these trends are changing the musical landscape. Finally, we provide examples of how music has been used to address social and political issues, both in the past and in the present. In conclusion, music is a powerful tool for shaping and expressing cultural identity and values.', 'ajohnson789','Music'),
('2023-04-05 21:30:00', 'Musical Innovators: Pioneers Who Changed the Course of Music History', 'In this lecture, we explore the contributions of musical innovators who have changed the course of music history. We discuss the ways in which these pioneers have challenged conventions and pushed the boundaries of musical expression, from Bach and Beethoven to Coltrane and Bowie. We also talk about the cultural and historical context in which these innovators worked, and how their music has been received and interpreted over time. Finally, we examine the ongoing influence of these innovators on contemporary music and culture. In conclusion, musical innovators have made lasting contributions to the development and evolution of music as an art form.', 'otaylor123', 'Music');

INSERT INTO posts (post_date, post_title, post_content, username, topic_title) VALUES ('2023-04-05 22:00:00', 'The Power of Theatre: How Theatre Can Inspire, Educate, and Transform', 'In this article, we explore the power of theatre and its ability to inspire, educate, and transform audiences. We discuss the unique qualities of theatre as a live, interactive art form that engages both the intellect and the emotions. We also talk about the ways in which theatre can be used to explore complex social and political issues, as well as to promote empathy and understanding. Finally, we provide examples of how theatre has been used to effect social change and transform individual lives. In conclusion, theatre is a powerful tool for artistic expression and social transformation.', 'otaylor123', 'Theatre'),
('2023-04-05 22:30:00', 'The Art of Acting: Techniques and Approaches to Performance', 'In this lecture, we explore the art of acting and the techniques and approaches used by actors to create compelling and authentic performances. We discuss the importance of character development, emotional truth, and physicality in creating a believable and engaging performance. We also talk about the various schools of acting, from Stanislavski to Method Acting, and how these approaches have influenced contemporary acting practices. Finally, we provide examples of notable actors and performances that showcase the range and depth of the art of acting. In conclusion, acting is a complex and dynamic art form that requires skill, discipline, and creativity.', 'jdoe123','Theatre'), 
('2023-04-05 23:00:00', 'Theatre History: Tracing the Evolution of Theatre from Ancient Greece to Contemporary Times', 'In this lecture, we explore the rich and varied history of theatre, tracing its evolution from ancient Greece to contemporary times. We discuss the various forms and styles of theatre that have emerged throughout history, from tragedy and comedy to musical theatre and experimental performance. We also talk about the ways in which theatre has been influenced by social and political movements, as well as technological advancements in theatre production. Finally, we examine the ongoing relevance and importance of theatre as an art form and cultural institution. In conclusion, theatre history is a fascinating and complex field that sheds light on the evolution of human expression and cultural identity.', 'dlee456', 'Theatre');

INSERT INTO posts (post_date, post_title, post_content, username, topic_title) VALUES ('2023-04-06 09:00:00', 'The Power of Images', 'In this lecture, we explore the power of images and visual culture in shaping society and influencing human behavior. We discuss the ways in which visual culture permeates our daily lives, from advertising and media to art and design. We also talk about the social and political implications of visual culture, such as the ways in which images can reinforce or challenge dominant narratives and power structures. Finally, we examine the ethical and cultural considerations involved in the production and consumption of visual culture. In conclusion, understanding the role of visual culture is essential for engaging critically with the world around us.' , 'bsmith789', 'Visual Cultures'),
('2023-04-06 09:30:00', 'The Intersection of Art and Technology', 'In this lecture, we explore the intersection of art and technology and the new possibilities for visual expression that emerge from this convergence. We discuss the ways in which technology has transformed the creation and dissemination of visual culture, from digital art and virtual reality to interactive installations and generative design. We also talk about the challenges and opportunities presented by the rapid pace of technological change, and the need to balance innovation with ethical and cultural considerations. Finally, we provide examples of artists and designers who are pushing the boundaries of art and technology to create new forms of visual expression. In conclusion, the intersection of art and technology is a dynamic and exciting space for exploration and innovation.' , 'dlee456', 'Visual Cultures'),
('2023-04-06 10:00:00', 'The Politics of Representation', 'In this lecture, we explore the politics of representation and the ways in which visual culture constructs identities and histories. We discuss the ways in which visual culture can both reflect and reinforce social and cultural norms, as well as challenge and subvert them. We also talk about the importance of diverse representation in visual culture, and the ways in which representation can serve as a tool for social justice and equity. Finally, we examine the ongoing debates and controversies surrounding representation in visual culture, and the ways in which these debates reflect larger cultural and political tensions. In conclusion, understanding the politics of representation is essential for engaging critically with the role of visual culture in shaping society.', 'snguyen456', 'Visual Cultures');

INSERT INTO posts (post_date, post_title, post_content, username, topic_title) VALUES ('2023-04-07 09:00:00', 'The Power of Movement', 'In this lecture, we explore the power of movement and its importance in human culture through the lens of dance and performance. We discuss the ways in which movement can communicate emotion, tell stories, and create a sense of community and connection. We also talk about the diverse forms of dance and performance across cultures and time periods, and the ways in which they reflect and shape social and cultural norms. Finally, we examine the role of dance and performance in contemporary society, and the ways in which they continue to evolve and adapt to new contexts. In conclusion, understanding the power of movement is essential for engaging with the rich and varied world of dance and performance.', 'mgarcia789', 'Dance and Performance'),
('2023-04-07 09:30:00', 'Breaking Boundaries: Exploring the Intersection of Dance and Technology', 'In this lecture, we explore the exciting possibilities that emerge from the intersection of dance and technology. We discuss the ways in which technology has transformed the creation and presentation of dance and performance, from motion capture and interactive environments to virtual reality and mixed media. We also talk about the challenges and opportunities presented by the use of technology in dance and performance, and the need to balance innovation with respect for the traditions and values of these art forms. Finally, we provide examples of artists who are pushing the boundaries of dance and technology to create new and immersive experiences for audiences. In conclusion, the intersection of dance and technology is a dynamic and exciting space for innovation and creativity.', 'jdoe123', 'Dance and Performance'),
('2023-04-07 10:00:00', 'Dance as a Site of Resistance: Examining the Role of Dance and Performance', 'In this lecture, we explore the role of dance and performance in social and political movements, and the ways in which they can serve as a site of resistance and empowerment. We discuss the historical and contemporary examples of dance and performance being used to challenge oppressive systems and narratives, and to amplify marginalized voices and perspectives. We also talk about the challenges and risks involved in using dance and performance as a tool for activism, and the need for nuanced and ethical approaches. Finally, we examine the potential for dance and performance to create spaces of connection and solidarity across diverse communities and struggles. In conclusion, dance and performance have the power to inspire and mobilize people towards social change, and understanding their role in resistance is essential for engaging with the political and cultural issues of our time.', 'jdoe456', 'Dance and Performance');

INSERT INTO posts (post_date, post_title, post_content, username, topic_title) VALUES ('2023-04-07 11:00:00', 'The Beauty and Complexity of Language', 'In this lecture, we explore the beauty and complexity of language, and the ways in which it reflects and shapes human culture and experience. We discuss the diversity of languages across the world, and the ways in which they reflect and shape the values, beliefs, and experiences of different communities. We also talk about the creative and playful aspects of language, such as slang, humor, and wordplay, and the role of language in constructing and subverting power dynamics. Finally, we examine the ongoing debates and controversies surrounding language, and the ways in which they reflect larger cultural and political tensions. In conclusion, appreciating the beauty and complexity of language is essential for engaging with the rich and varied world of human communication.', 'bsmith789', 'Languages'), 
('2023-04-05 10:00:00', 'The Importance of Language in Modern Society', 'In this lecture, we examined the importance of language in modern society. Language is the foundation of human communication, and it plays a vital role in shaping our cultural identity and social interactions. We discussed how language is not just a tool for communication, but also a means of expressing our thoughts, emotions, and beliefs. We explored how language varies across different cultures and regions, and how these variations reflect the unique experiences and perspectives of different communities. The lecture was important because it helped us understand the fundamental role that language plays in our lives, and the ways in which it shapes our social, cultural, and economic interactions. We explored the power of language to unite and divide, to include and exclude, and to shape our understanding of the world around us.', 'ajohnson789', 'Languages'),
('2023-04-05 15:00:00', 'The Impact of Bilingualism on the Brain', 'In this lecture, we examined the impact of bilingualism on the brain. Bilingualism refers to the ability to speak and understand two languages fluently, and it has been shown to have numerous cognitive and social benefits. We discussed how bilingualism can affect brain development, with research indicating that bilingual individuals exhibit greater gray matter density in areas of the brain associated with language processing and executive function. We also explored how bilingualism can improve cognitive flexibility, memory, and attention control. The lecture was important because it challenged the traditional view that learning a second language is solely a linguistic and cultural pursuit. Instead, we examined the complex ways in which bilingualism can affect the brain and the broader social and economic implications of being bilingual.', 'dlee456', 'Languages');

INSERT INTO posts (post_date, post_title, post_content, username, topic_title) VALUES ('2023-04-05 16:00:00', 'The Power of Rituals', 'In this lecture, we examined the power of rituals in shaping human behaviour and society. Rituals are a fundamental aspect of human culture, and they serve a variety of functions, from reinforcing social norms and values to marking significant life events. We discussed the role of rituals in creating a sense of community and belonging, as well as in providing individuals with a sense of meaning and purpose. We also explored how rituals can be used to create and maintain power dynamics within societies, and how they can be a tool for social change. The lecture was important because it helped us understand the ways in which rituals shape human behaviour and social organization, and the role they play in maintaining cultural continuity and diversity.', 'mgarcia789', 'Anthropology'),
('2023-04-05 17:00:00', 'The Cultural Construction of Gender', 'In this lecture, we examined the ways in which gender is constructed and performed within different cultures. Gender is not a fixed biological category, but rather a socially constructed identity that is shaped by cultural norms and expectations. We discussed how different societies have different conceptions of gender, with some recognizing multiple gender categories and others adhering to strict binary divisions. We also explored the ways in which gender intersects with other aspects of identity, such as race, class, and sexuality. The lecture was important because it challenged essentialist notions of gender and helped us understand the complex ways in which gender is constructed and performed within different cultural contexts.', 'snguyen456','Anthropology'), 
('2023-04-05 18:00:00', 'The Ethics of Cultural Anthropology', 'In this lecture, we examined the ethical considerations involved in conducting cultural anthropological research. Anthropologists study other cultures and societies, and this can involve a variety of ethical dilemmas, such as issues of informed consent, cultural sensitivity, and power imbalances. We discussed the importance of informed consent and the need to respect the rights and dignity of the people being studied. We also explored the ways in which power imbalances can affect the research process, and the need for anthropologists to be mindful of their own biases and perspectives. The lecture was important because it emphasized the need for cultural anthropologists to engage in ethical research practices and to be aware of the impact of their work on the communities they study.', 'wbrown789', 'Anthropology');

INSERT INTO posts (post_date, post_title, post_content, username, topic_title) VALUES ('2023-04-05 19:00:00', 'The Impact of the Renaissance', 'In this lecture, we examined the impact of the Renaissance on European culture and society. The Renaissance was a period of great intellectual and artistic flourishing that began in Italy in the 14th century and spread throughout Europe. We discussed how the Renaissance marked a shift away from the medieval worldview and towards a more humanistic perspective, with an emphasis on the individual and the importance of reason and empirical observation. We also explored the ways in which the Renaissance influenced art, literature, and science, and how it paved the way for the Scientific Revolution. The lecture was important because it helped us understand the ways in which the Renaissance transformed European culture and society, and how it laid the groundwork for modern Western civilization.' , 'jdoe123', 'History'),
('2023-04-05 20:00:00', 'The Causes and Consequences of World War I', 'In this lecture, we examined the causes and consequences of World War I, one of the deadliest conflicts in human history. We discussed how a complex web of political alliances, economic rivalries, and nationalism led to the outbreak of war in 1914. We also explored the social, political, and economic consequences of the war, including the loss of life, the political upheaval that followed, and the lasting impact on international relations. We discussed how World War I laid the foundation for the rise of authoritarian regimes, the Russian Revolution, and ultimately, World War II. The lecture was important because it helped us understand the complex factors that led to the outbreak of World War I and the profound impact the war had on the 20th century.', 'jdoe456', 'History'),
('2023-04-05 21:00:00', 'The Civil Rights Movement in the United States', 'In this lecture, we examined the Civil Rights Movement in the United States, a pivotal moment in American history. The Civil Rights Movement was a social and political movement that fought for equal rights and justice for African Americans. We discussed the key figures and events of the movement, including the Montgomery Bus Boycott, the Freedom Rides, and the March on Washington. We also explored the ways in which the Civil Rights Movement brought about significant social and political change, including the passage of the Civil Rights Act of 1964 and the Voting Rights Act of 1965. The lecture was important because it highlighted the bravery and sacrifice of those who fought for civil rights in the United States, and helped us understand the ongoing struggle for racial justice and equality in the country.', 'bsmith789', 'History');

INSERT INTO posts (post_date, post_title, post_content, username, topic_title) VALUES ('2023-04-05 22:00:00', 'The Role of Social Media in Modern Society', 'In this lecture, we examined the role of social media in modern society. Social media platforms such as Facebook, Twitter, and Instagram have become ubiquitous in our daily lives, and have transformed the way we interact with each other and consume information. We discussed the ways in which social media has impacted communication and socialization, as well as its influence on politics and social movements. We also explored the challenges and controversies associated with social media, such as the spread of misinformation and the impact on mental health. The lecture was important because it helped us understand the complex ways in which social media is shaping modern society, and the potential benefits and drawbacks of its widespread use. ' , 'ajohnson789' , 'Media'),
('2023-04-05 23:00:00', 'The Evolution of Television', 'In this lecture, we examined the evolution of television as a medium for entertainment and information. From its early days as a novelty item to the advent of cable television and the streaming revolution, we explored the ways in which television has changed over time. We discussed the impact of television on culture and society, from the way it has shaped popular culture to its influence on politics and world events. We also explored the challenges and opportunities associated with the current state of television, including the rise of streaming services and the changing nature of advertising. The lecture was important because it helped us understand the rich history of television as a medium, and the ongoing evolution of this important cultural and social force.' , 'dlee456', 'Media'),
('2023-04-06 00:00:00', 'The Ethics of Journalism in the Digital Age', 'In this lecture, we examined the ethics of journalism in the digital age. With the rise of online news sources and social media, the field of journalism has undergone significant changes in recent years. We discussed the challenges and opportunities associated with these changes, including the potential for citizen journalism and the impact of social media on traditional news outlets. We also explored the ethical considerations that journalists must navigate in the age of digital media, such as issues of privacy and accuracy. The lecture was important because it highlighted the crucial role that journalism plays in a democratic society, and the ongoing need for journalists to uphold ethical standards in the face of rapid technological change.', 'ewilson123', 'Media');

INSERT INTO posts (post_date, post_title, post_content, username, topic_title) VALUES ('2023-04-06 01:00:00', 'The Rise of Populism in Global Politics', 'In this lecture, we examined the rise of populism in global politics. Populism refers to a political ideology that emphasizes the interests and opinions of ordinary people over those of the elite, and has become increasingly prominent in recent years. We discussed the factors driving the rise of populism, including economic insecurity, cultural anxiety, and disillusionment with traditional political institutions. We also explored the challenges and risks associated with populist movements, including the potential for authoritarianism and the erosion of democratic norms. The lecture was important because it helped us understand the complex dynamics of contemporary politics, and the ways in which populist movements are reshaping the global political landscape.', 'mgarcia789', 'Politics'),
('2023-04-06 02:00:00', 'The Challenges of International Cooperation in a Divided World', 'In this lecture, we examined the challenges of international cooperation in a divided world. With rising geopolitical tensions and increasing skepticism of global institutions, the need for effective international cooperation has never been greater. We discussed the obstacles to effective international cooperation, including divergent national interests, the erosion of trust in international institutions, and the rise of authoritarianism. We also explored the potential benefits of international cooperation, such as collective action on issues like climate change and pandemics. The lecture was important because it highlighted the importance of effective international cooperation in addressing some of the worlds most pressing challenges, and the need for renewed efforts to build bridges between nations and promote shared interests.', 'snguyen456', 'Politics'),
('2023-04-06 03:00:00', 'The Ethics of Political Leadership', 'In this lecture, we examined the ethics of political leadership. With the power and responsibility that comes with holding public office, politicians face a unique set of ethical challenges and obligations. We discussed the principles of ethical leadership, such as honesty, integrity, and accountability, and explored the ways in which politicians can uphold these principles in practice. We also examined the consequences of ethical failures in political leadership, such as loss of trust and legitimacy. The lecture was important because it emphasized the importance of ethical leadership in a functioning democracy, and the need for politicians to uphold high ethical standards in service of the public good.', 'wbrown789', 'Politics');

INSERT INTO posts (post_date, post_title, post_content, username, topic_title) VALUES ('2023-04-06 04:00:00', 'The Social Construction of Race', 'In this lecture, we examined the social construction of race. Despite the common belief that race is a biological category, race is actually a socially constructed concept that varies across time and place. We discussed the historical and cultural origins of racial categories, and how they have been used to justify systems of oppression and privilege. We also explored the ongoing debates and challenges around race and racism, including issues of intersectionality, colourism, and racial identity. The lecture was important because it highlighted the need to critically examine our assumptions about race, and to recognize the ways in which race is constructed and perpetuated through social processes and power dynamics.', 'otaylor123', 'Sociology'),
('2023-04-06 08:00:00', 'Social Inequality and Stratification', 'In this lecture, we examined the concepts of social inequality and stratification. Social inequality refers to the unequal distribution of resources, opportunities, and rewards in society, while stratification refers to the hierarchical ranking of individuals and groups based on social status, power, and prestige. We discussed the various dimensions of social inequality, including economic, racial, and gender inequality, and examined the ways in which these inequalities are reproduced and perpetuated through social institutions and practices. We also explored the potential for social mobility and the challenges faced by those seeking to move up the social ladder. The lecture was important because it highlighted the pervasive nature of social inequality and its impact on individuals and society as a whole. By critically examining the mechanisms of stratification and the sources of inequality, we can better understand the root causes of social problems and work towards greater social justice and equality.', 'jdoe123', 'Sociology'),
('2023-04-06 09:00:00', 'Globalization and Social Change', 'In this lecture, we examined the relationship between globalization and social change. Globalization refers to the increasing interconnectedness and interdependence of the worlds economies, societies, and cultures, while social change refers to the transformations in social structures, institutions, and values over time. We discussed the various dimensions of globalization, including economic, cultural, and political globalization, and examined the ways in which these processes are reshaping social life and creating new challenges and opportunities. We also explored the potential for resistance and social movements to shape the course of globalization and promote social justice. The lecture was important because it highlighted the transformative nature of globalization and the need to understand its effects on social structures and processes. By critically examining the opportunities and challenges of globalization, we can better understand the complexities of social change and work towards more just and equitable societies.' , 'jdoe456', 'Sociology');

INSERT INTO posts (post_date, post_title, post_content, username, topic_title) VALUES ('2023-04-06 05:00:00', 'The Psychology of Group Dynamics', 'In this lecture, we examined the psychology of group dynamics. Groups are a fundamental part of social life, and understanding the dynamics of group behaviours can help us better understand a wide range of social phenomena. We discussed the principles of group cohesion, social influence, and intergroup relations, and explored the ways in which these dynamics can shape attitudes, behaviours, and outcomes. We also examined the role of social identity in group dynamics, and how group membership can affect self-concept and intergroup relations. The lecture was important because it highlighted the importance of understanding group dynamics in a wide range of contexts, from workplace teams to social movements, and the potential for this knowledge to inform strategies for promoting positive social change.' , 'bsmith789','Psychology'),
('2023-04-06 06:00:00', 'The Psychology of Emotions', 'In this lecture, we examined the psychology of emotions. Emotions are a universal aspect of human experience, and understanding their underlying processes and functions can help us better understand human behaviours and well-being. We discussed the nature and classification of emotions, and explored the ways in which emotions are regulated and expressed. We also examined the role of emotions in cognition, social interactions, and mental health, and the potential for emotion-focused interventions in psychological treatment. The lecture was important because it highlighted the central role of emotions in human experience, and the potential for this knowledge to inform strategies for promoting mental health and well-being.', 'ajohnson789'
, 'Psychology'),
('2023-04-06 10:00:00', 'The Psychology of Personality', 'In this lecture, we examined the psychology of personality. Personality refers to the unique patterns of thoughts, feelings, and behaviours that characterize individuals over time and across different situations. We discussed the various approaches to studying personality, including trait, psychodynamic, and humanistic theories, and examined the ways in which personality is shaped by biological, social, and cultural factors. We also explored the implications of personality for mental health, well-being, and social relationships. The lecture was important because it highlighted the centrality of personality to human experience and the potential for understanding personality to inform interventions and treatments for mental health and well-being. By critically examining the nature and development of personality, we can better understand the complexities of human behaviour and promote positive outcomes for individuals and society.', 'dlee456', 'Psychology');

INSERT INTO posts (post_date, post_title, post_content, username, topic_title) VALUES ('2023-04-05 16:30:00', 'The Importance of Early Childhood Education', 'In this lecture, we discussed the importance of early childhood education in shaping a childs future. Early childhood education refers to the education of children from birth to age 8, and research has shown that it is a critical period for brain development and laying the foundation for future learning. We explored the benefits of early childhood education, including improved cognitive development, language skills, and social-emotional development. We also discussed the importance of high-quality early childhood education, which can have long-lasting effects on a childs academic and social outcomes. We also discussed the challenges faced by early childhood educators, including the need for specialized training and the importance of creating culturally responsive and inclusive learning environments. Overall, the lecture emphasized the importance of investing in high-quality early childhood education programs, which can have a positive impact on childrens development and set them on a path for success in the future.' , 'ewilson123', 'Education'),
('2023-04-06 10:00:00', 'Teaching in a Multicultural Classroom', 'In this lecture, we discussed the challenges and opportunities of teaching in a multicultural classroom. With increasing diversity in schools, it is important for teachers to understand the unique needs and experiences of students from diverse cultural backgrounds. We explored strategies for creating a culturally responsive classroom, including understanding and respecting students cultural backgrounds, incorporating diverse perspectives and experiences into the curriculum, and creating a safe and inclusive learning environment for all students. We also discussed the importance of building relationships with students and families, as well as creating opportunities for students to share their own cultural experiences and perspectives with their peers. Overall, the lecture highlighted the importance of recognizing and celebrating diversity in the classroom and the role of educators in promoting cultural understanding and inclusivity in their teaching practices.' , 'mgarcia789', 'Education'),
('2023-04-06 14:00:00', 'The Future of Education Technology', 'In this lecture, we examined the future of education technology and its potential impact on teaching and learning. Advances in technology have already transformed the way we teach and learn, and the possibilities for the future are endless. We discussed the benefits of technology in the classroom, including increased access to information, personalized learning experiences, and opportunities for collaboration and engagement. We also explored the challenges of integrating technology into education, including the need for teacher training, the digital divide, and concerns about privacy and security. We also examined emerging technologies that are likely to shape the future of education, such as artificial intelligence, virtual reality, and personalized learning systems. Overall, the lecture emphasized the importance of understanding and harnessing the potential of technology in education, while also being mindful of the challenges and ethical considerations that come with its use.', 'snguyen456', 'Education');

INSERT INTO posts (post_date, post_title, post_content, username, topic_title) VALUES ('2023-04-05 17:00:00', 'The Importance of Corporate Social Responsibility', 'In this lecture, we explored the concept of Corporate Social Responsibility (CSR) and its importance in modern business practices. CSR refers to a companys responsibility to operate in an ethical and sustainable manner, taking into account the impact of its activities on society and the environment. We discussed how businesses can engage in CSR through initiatives such as reducing their carbon footprint, promoting workplace diversity and inclusion, and supporting community development projects. We also examined the benefits of CSR, including improved brand reputation, increased employee engagement, and enhanced customer loyalty. The lecture was important because it highlighted the growing expectation from consumers and investors for businesses to operate in a socially responsible manner. In an increasingly interconnected and environmentally conscious world, businesses must recognize the importance of CSR and work towards creating a positive impact on society and the planet. Overall, CSR is not only the right thing to do, but it also makes good business sense. Companies that prioritize social responsibility are likely to reap long-term benefits and contribute to a more sustainable and equitable world.', 'wbrown789', 'Business'),
('2023-04-05 18:00:00', 'Marketing Strategies in the Digital Age', 'In this lecture, we examined the evolution of marketing strategies in the digital age. The rise of the internet and social media has transformed the way businesses reach and engage with their target audiences. We discussed how businesses can use digital marketing tools such as search engine optimization, social media advertising, and email marketing to effectively target and engage customers. We also explored the importance of creating engaging and relevant content to build brand awareness and customer loyalty. Additionally, we discussed the challenges of digital marketing, such as the need to constantly adapt to changing algorithms and the risk of information overload for consumers. The lecture was important because it provided insight into the rapidly changing landscape of marketing and the importance of adapting to new technologies and consumer behaviours. In an increasingly digital world, businesses must understand the best practices of digital marketing in order to stay relevant and competitive. Overall, effective digital marketing requires a deep understanding of consumer behaviour, creativity, and the ability to adapt to new technologies and platforms.', 'otaylor123', 'Business'),
('2023-04-05 19:00:00', 'The Basics of Financial Management', 'In this lecture, we covered the basics of financial management for businesses. Financial management involves the planning, organizing, and controlling of financial resources to achieve a companys financial goals. We discussed key financial statements such as the balance sheet, income statement, and cash flow statement, and how they can be used to analyse a companys financial performance. We also explored financial ratios such as liquidity, solvency, and profitability ratios, which can help businesses make informed financial decisions. In addition to financial statements and ratios, we discussed the importance of budgeting and forecasting, as well as the role of financial markets in raising capital and managing risk. The lecture was important because it provided a foundational understanding of financial management, which is crucial for the long-term success of any business. Effective financial management allows businesses to make informed decisions, manage risk, and allocate resources effectively. Overall, financial management is an essential part of business operations and requires a strong understanding of financial statements, ratios, and markets.', 'jdoe123', 'Business');

INSERT INTO posts (post_date, post_title, post_content, username, topic_title) VALUES ('2023-04-05 17:00:00', 'The Importance of Emotional Intelligence in Management', 'In this lecture, we explored the concept of emotional intelligence and its importance in effective management. Emotional intelligence refers to the ability to recognize and manage ones own emotions as well as those of others. We discussed how emotional intelligence can help managers build stronger relationships with their employees, resolve conflicts, and lead more effectively. We also examined the different components of emotional intelligence, such as self-awareness, self-regulation, empathy, and social skills, and how they contribute to effective management. We explored different strategies and techniques for developing emotional intelligence, such as mindfulness and active listening. Overall, emotional intelligence is a critical skill for managers, and investing in its development can lead to better relationships with employees, improved decision-making, and increased productivity and profitability.', 'bsmith789', 'Management'),
('2023-04-05 18:00:00', 'The Role of Organizational Culture in Business Success', 'In this lecture, we examined the concept of organizational culture and its impact on business success. Organizational culture refers to the values, beliefs, and norms that shape the behavior of employees and guide decision-making within an organization. We discussed the different elements of organizational culture, such as communication, leadership, and employee engagement, and how they contribute to a positive work environment and improved business outcomes. We also explored different strategies for building and sustaining a strong organizational culture, such as creating a clear mission and values statement, providing opportunities for employee feedback and input, and recognizing and rewarding employee contributions. Overall, creating and maintaining a strong organizational culture is a key responsibility of management, and it requires a strategic and intentional approach.', 'ajohnson789', 'Management'),
('2023-04-05 19:00:00', 'The Importance of Strategic Planning in Management', 'In this lecture, we discussed the concept of strategic planning and its importance in effective management. Strategic planning refers to the process of defining an organizations goals and objectives, and developing a plan for achieving them. We explored the different components of strategic planning, such as environmental scanning, SWOT analysis, and goal setting, and how they contribute to effective decision-making and resource allocation. We also discussed different strategies for implementing and monitoring a strategic plan, such as regular performance reviews and feedback mechanisms. Overall, strategic planning is a key responsibility of management, and it requires a systematic and data-driven approach to achieve its full potential.', 'dlee456', 'Management');

INSERT INTO posts (post_date, post_title, post_content, username, topic_title) VALUES ('2023-04-05 19:00:00', 'The Evolution of Human Rights Law', 'In this lecture, we examined the evolution of human rights law and the development of international human rights standards. We discussed how human rights are protected through international treaties and conventions, as well as through national legal frameworks. We explored the challenges in protecting human rights in the face of political, social, and economic pressures, and discussed the role of international organizations, such as the United Nations, in monitoring and enforcing human rights standards. The lecture was important because it highlighted the fundamental importance of human rights in promoting equality, justice, and dignity for all. It also emphasized the need for ongoing efforts to ensure that human rights are protected and upheld around the world. Overall, human rights law represents a crucial aspect of international law and requires a continued commitment from governments, civil society, and the legal profession to ensure its protection and advancement.', 'ewilson123', 'Law'),
('2023-04-05 20:00:00', 'The Role of Courts in Society', 'In this lecture, we discussed the role of courts in society and the ways in which they function to protect individual rights, resolve disputes, and uphold the rule of law. We explored the different types of courts, including trial courts, appellate courts, and supreme courts, and examined their respective roles in the legal system. We also discussed the challenges facing courts today, including issues of access to justice, judicial independence, and the potential for political interference. We examined the importance of an impartial and independent judiciary in upholding the rule of law and maintaining public trust in the legal system. Overall, the role of courts in society is a crucial aspect of the legal profession and requires a continued commitment to promoting access to justice, upholding the rule of law, and protecting individual rights and freedoms.', 'mgarcia789', 'Law'),
('2023-04-05 21:00:00', 'The Changing Landscape of Intellectual Property Law', 'In this lecture, we examined the changing landscape of intellectual property law and the challenges posed by new technologies, globalization, and the digital economy. We discussed the various forms of intellectual property, including patents, trademarks, and copyrights, and explored their respective roles in protecting innovation and creativity. We also discussed the emerging issues and controversies in intellectual property law, such as the impact of artificial intelligence on patent law and the role of copyright law in the digital age. We examined the importance of striking a balance between protecting intellectual property rights and promoting innovation and access to knowledge. Overall, intellectual property law represents a crucial aspect of the legal profession and requires a continued commitment to promoting innovation, creativity, and the public interest.', 'snguyen456', 'Law');

INSERT INTO posts (post_date, post_title, post_content, username, topic_title) VALUES ('2023-04-05 19:00:00', 'The Future of Artificial Intelligence', 'In this lecture, we discussed the future of artificial intelligence (AI) and its potential impact on various industries and society as a whole. We examined the latest developments in AI research, including advances in machine learning, natural language processing, and computer vision. We also explored the potential benefits and challenges of AI adoption, such as increased efficiency and productivity, as well as potential job displacement and ethical concerns. We discussed the importance of responsible AI development and how to ensure that AI systems are designed and deployed in an ethical and transparent manner. Overall, the future of AI is both exciting and daunting, and it is up to us to ensure that AI is developed in a responsible and ethical way that maximizes its potential benefits while minimizing its potential harms.', 'wbrown789', 'Computer Science'),
('2023-04-06 10:00:00', 'Cybersecurity: Threats and Solutions', 'In this lecture, we examined the various cybersecurity threats facing organizations and individuals, including malware, phishing, and ransomware attacks. We discussed the latest trends in cybercrime and the importance of implementing effective cybersecurity measures to protect against these threats. We also explored various cybersecurity solutions, such as encryption, intrusion detection systems, and multi-factor authentication. We discussed the challenges of implementing these solutions and the importance of staying up-to-date with the latest cybersecurity developments. Overall, cybersecurity is an ongoing challenge that requires ongoing vigilance and innovation. By staying up-to-date with the latest developments in cybersecurity and implementing effective cybersecurity measures, we can help protect ourselves and our organizations against cyber threats.', 'otaylor123', 'Computer Science'),
('2023-04-06 14:00:00', 'Blockchain Technology and Its Applications', 'In this lecture, we explored the concept of blockchain technology and its potential applications beyond cryptocurrency. We discussed the fundamental principles of blockchain, including decentralization, immutability, and transparency. We also examined various applications of blockchain technology, such as supply chain management, voting systems, and digital identity verification. We discussed the benefits and challenges of implementing these applications and the potential impact of blockchain technology on various industries. Overall, the future of blockchain technology is exciting and full of possibilities. By staying up-to-date with the latest developments in blockchain technology and exploring new applications, we can help shape the future of this transformative technology.', 'jdoe123', 'Computer Science');

INSERT INTO posts (post_date, post_title, post_content, username, topic_title) VALUES ('2023-04-05 15:30:00', 'The Future of Cybersecurity', 'In this lecture, we examined the future of cybersecurity and the challenges that lie ahead in protecting digital information. We discussed the latest threats to cybersecurity, including phishing attacks, malware, and ransomware, and how they can be prevented or mitigated. We also explored the latest trends in cybersecurity, such as artificial intelligence and machine learning, and how they are being used to improve security measures. We also discussed the role of cybersecurity in modern society and its importance in safeguarding sensitive information. As more aspects of our lives become digital, from financial transactions to personal communications, the need for strong cybersecurity measures becomes increasingly important. The lecture also highlighted the growing demand for cybersecurity professionals and the various career paths available in this field.The lecture was important because it provided a glimpse into the future of cybersecurity and the challenges that lie ahead. As technology continues to advance, new threats to cybersecurity will emerge, and it is crucial to stay up-to-date on the latest developments in this field. A degree in cybersecurity can prepare us for a career in this field and help us make a positive impact in society by safeguarding digital information. ' , 'jdoe456', 'Computing'),
('2023-04-05 16:00:00', 'The Impact of Social Media on Society', 'In this lecture, we explored the impact of social media on society and its various implications. We discussed how social media has transformed the way people interact with each other and access information. We also examined the positive and negative effects of social media on mental health, relationships, and politics. We also discussed the role of social media in modern business and marketing, and how companies are leveraging social media platforms to reach new customers and build brand awareness. Additionally, we explored the ethical considerations surrounding social media, such as privacy and data security, and how they are being addressed by policymakers and industry leaders. The lecture was important because it helped us understand the impact of social media on society and its various implications. As social media continues to play a significant role in our lives, it is essential to be aware of its effects and how to use it responsibly. A degree in social media management or digital marketing can prepare us for a career in this field and help us make a positive impact in society by leveraging social media platforms for good. ' , 'bsmith789', 'Computing'),
('2023-04-05 16:30:00', 'The Importance of Data Analytics', 'In this lecture, we discussed the importance of data analytics and its role in modern business and decision-making. We explored the various types of data analytics, such as descriptive, predictive, and prescriptive, and how they are being used to gain insights and make informed decisions. We also examined the various tools and techniques used in data analytics, such as data mining, machine learning, and data visualization. Additionally, we discussed the ethical considerations surrounding data analytics, such as data privacy and bias, and how they are being addressed by policymakers and industry leaders. The lecture was important because it highlighted the growing demand for data analytics professionals and the various career paths available in this field. As data becomes increasingly important in modern business and decision-making, a degree in data analytics can prepare us for a career in this field and help us make a positive impact in society by leveraging data for good.' , 'ajohnson789' , 'Computing');

INSERT INTO posts (post_date, post_title, post_content, username, topic_title) VALUES ('2023-04-05 19:00:00', 'Game Engines and Development Tools', 'In this lecture, we explored the various game engines and development tools used in game design and development. We discussed the advantages and disadvantages of using pre-existing game engines versus creating custom game engines, as well as the various game engines currently available, such as Unity, Unreal Engine, and CryEngine. We also examined the different development tools used in game design and development, such as 3D modeling software, level editors, and audio design tools. Additionally, we discussed the importance of understanding programming languages and software development principles in game design and development. The lecture was important because it provided insight into the different tools and technologies used in game design and development, and how they can be leveraged to create engaging and successful games.' , 'ajohnson789', 'Games Computing'),
('2023-04-05 19:30:00', 'Game Design Principles', 'In this lecture, we explored the principles of game design and how they are used to create engaging and successful games. We discussed the importance of understanding player motivations, designing for player engagement, and balancing game difficulty. We also examined the different components of game design, such as game mechanics, level design, and storytelling, and how they work together to create a cohesive game experience. Additionally, we discussed the importance of user experience design in creating successful games, and how to effectively test and iterate on game designs. The lecture was important because it provided insight into the principles of game design and how they can be applied to create successful games.', 'dlee456', 'Games Computing'),
('2023-04-05 20:00:00', 'The Business of Video Games', 'In this lecture, we explored the business side of the video game industry, including the various business models used in game development and the importance of marketing and distribution. We discussed the different revenue models used in game development, such as freemium, subscription-based, and pay-to-play, and how they impact game design and player experience. We also examined the importance of marketing and distribution in the success of a game, including the use of social media, influencer marketing, and community management. Additionally, we discussed the role of intellectual property rights in game development, including copyright and trademark law. The lecture was important because it provided insight into the business side of the video game industry and how it impacts game development and player experience.' , 'ewilson123', 'Games Computing');
