# Select the database
USE goldbubble;

INSERT INTO users (firstname, surname, username, email, psw)
VALUES
('John', 'Doe', 'jdoe123', 'johndoe123@gold.ac.uk', '$2b$10$ZDmgmjtS.82SA4YfN2aJautcgRYEg7JU9CcePsCN.5N.sedyL8QpG'),
('Jane', 'Doe', 'jdoe456', 'janedoe456@gold.ac.uk', '$2b$10$GTd..041NHyH23w2wdGssex0KEVx1zfrv7ZjVIVzrJ9IR73gYmmKq'),
('Bob', 'Smith', 'bsmith789', 'bobsmith789@gold.ac.uk', '$2b$10$A1BMTAEDRd.eDFExAXzhme5Cx/XCkY61KDbxUrDtnIREBmDql/tra'),
('Alice', 'Johnson', 'ajohnson789', 'alicej789@gold.ac.uk', '$2b$10$DjkH4vsjRAqsYHVYxbDdU.HqYTE/LuhfLSJcbforBhxH7A.USbxjO'),
('David', 'Lee', 'dlee456', 'davidl456@gold.ac.uk', '$2b$10$/QZjaC48D5jFLF6QHQHrPOFDpKMYsavNUfo4XVjlpjvDtuI7E9F7u'),
('Emily', 'Wilson', 'ewilson123', 'emilyw123@gold.ac.uk', '$2b$10$pIcnlfYLsix78f8s.oKeQOMdZ6jdOllqa1ejCwLhQx0LcCmeuHLW.'),
('Michael', 'Garcia', 'mgarcia789', 'michaelg789@gold.ac.uk', '$2b$10$xHhh6/b/FsTyFaTxlnXkVOYMADGYydsJUi/IHcvKb/GiY8O0vJbYa'),
('Samantha', 'Nguyen', 'snguyen456', 'samanthan456@gold.ac.uk', '$2b$10$xBqW773diwVDQAG6iNcMVO4XDtVaFZB97zNmseuHx9KHFBUT6v2we'),
('William', 'Brown', 'wbrown789', 'williamb789@gold.ac.uk', '$2b$10$/hln8b1ymeHOoqcGKhFqG.lhsi19dUXHDbGtEZPL8MQGOsNB38OyC'),
('Olivia', 'Taylor', 'otaylor123', 'oliviat123@gold.ac.uk', '$2b$10$XA/pJAVh9haMKkUqFGILw.idpOPPNgvu08Xw6ma3zhrXl9xnLiv1G');


# Insert test topics
INSERT INTO topics(topic_title)
VALUES
    ('Art'),
    ('Design'),
    ('English'),
    ('Music'),
    ('Theatre'),
    ('Visual Cultures'),
    ('Dance and Performance'),
    ('Languages'),
    ('Anthropology'),
    ('History'),
    ('Media'),
    ('Politics'),
    ('Sociology'),
    ('Psychology'),
    ('Education'),
    ('Business'),
    ('Management'),
    ('Law'),
    ('Computer Science'),
    ('Computing'),
    ('Geography'),
    ('Games Computing');

# Insert test posts
INSERT INTO posts (post_date, post_title, post_content, username, topic_title)
VALUES
    ('2022-01-01 12:00:00', 'The Impact of Climate Change on Global Water Resources', 'In this lecture, we discussed the impact of climate change on global water resources. Climate change is causing significant changes to the water cycle, resulting in changes to the quantity, quality, and availability of water resources around the world. We explored how rising temperatures are causing glaciers and ice caps to melt, resulting in rising sea levels, which in turn affects the availability of freshwater resources in coastal areas.

Furthermore, climate change has led to more frequent and severe droughts and floods in many regions, affecting both agricultural productivity and access to clean drinking water. We discussed how these changes are particularly affecting vulnerable communities in developing countries, where access to water resources is already limited.

To mitigate the impact of climate change on water resources, we need to take a multi-faceted approach that includes reducing greenhouse gas emissions, implementing water conservation measures, and improving water management practices. This requires collaboration between governments, NGOs, and communities around the world.

In conclusion, the impact of climate change on water resources is a critical issue that requires urgent action. We need to prioritize sustainable and equitable management of water resources to ensure that future generations have access to safe and reliable water supplies.
', 'jdoe123', 'Geography'),
    ('2022-01-02 14:30:00', 'The Causes and Consequences of the Industrial Revolution', 'In this lecture, we examined the causes and consequences of the Industrial Revolution that occurred in Britain in the late 18th and early 19th centuries. We discussed how the invention of new machines, such as the spinning jenny and power loom, revolutionized the textile industry and spurred the growth of other industries, including coal mining, iron production, and transportation.

We also discussed the social and economic consequences of the Industrial Revolution, including the emergence of the working class, the growth of urbanization, and the widening gap between the rich and poor. We examined how these changes laid the foundation for modern capitalism and shaped the world we live in today.

The lecture was important because it helped us understand how the Industrial Revolution transformed the world and shaped modern society. The innovations that emerged during this time period revolutionized manufacturing and production, and led to massive changes in transportation, communication, and agriculture. The lecture also highlighted the human cost of these changes, including the harsh working conditions and poor living standards experienced by the working class.

Overall, the Industrial Revolution was a pivotal moment in world history, and understanding its causes and consequences is crucial to understanding the world we live in today
', 'bsmith789', 'History'),
    ('2022-01-03 10:00:00', 'The effects of Childhood Trauma on Adult Mental Health', 'In this lecture, we explored the effects of childhood trauma on adult mental health. Childhood trauma refers to experiences that are emotionally or physically distressing, such as abuse, neglect, or the death of a parent. We discussed how these experiences can have lasting effects on individual mental health and well-being, even into adulthood.

We examined the different types of childhood trauma, including physical, sexual, and emotional abuse, as well as neglect and exposure to violence. We also discussed how childhood trauma can lead to the development of mental health disorders, such as depression, anxiety, and post-traumatic stress disorder (PTSD).

Furthermore, we discussed the importance of early intervention and treatment for individuals who have experienced childhood trauma. We explored evidence-based treatments, such as cognitive-behavioral therapy (CBT) and eye movement desensitization and reprocessing (EMDR), as well as the role of medication in treating mental health disorders.

The lecture was important because childhood trauma is a significant public health issue that affects millions of individuals worldwide. Understanding the impact of childhood trauma on mental health is crucial for healthcare providers, policymakers, and society as a whole, as it can inform the development of interventions and policies aimed at preventing and treating childhood trauma and its long-term effects.
', 'dlee456', 'Psychology'),
    ('2023-03-18 11:30:00', 'The Evolution of Abstract Art', 'In this lecture, we examined the evolution of abstract art and its impact on the art world. Abstract art is characterized by the use of non-representational forms, shapes, colours, and lines to create visual compositions that evoke emotions and ideas rather than depict recognizable objects.

We discussed the origins of abstract art in the early 20th century, with artists such as Wassily Kandinsky and Kazimir Malevich pioneering the movement. We explored the various styles and movements within abstract art, such as cubism, expressionism, and minimalism, and how they have evolved over time.

We also discussed the impact of abstract art on the art world and on society as a whole. Abstract art has challenged traditional notions of art, including the idea that art must depict recognizable objects, and has opened up new possibilities for artistic expression and experimentation. It has also influenced other fields, such as design, architecture, and fashion.

The lecture was important because abstract art has had a significant impact on the art world and on society, and understanding its evolution and impact is crucial for anyone interested in art and culture. The lecture also highlighted the importance of artistic expression and experimentation, and how art can challenge and change our perspectives and ideas.
', 'jdoe123', 'Art'),
    ('2023-03-19 09:45:00', 'The Power and Influence of Social Media', 'In this lecture, we discussed the power and influence of social media in todays society. Social media platforms, such as Facebook, Twitter, and Instagram, have revolutionized the way people communicate and interact with each other, as well as how they consume and share information.

We examined how social media has transformed traditional media, such as television and print, and has enabled anyone with an internet connection to create and share content. We also discussed how social media has facilitated the spread of information and ideas, and how it has influenced public opinion and political discourse.

Furthermore, we explored the negative effects of social media, including the spread of fake news and disinformation, the proliferation of hate speech and cyberbullying, and the impact of social media on mental health and well-being.

The lecture was important because social media is a powerful tool that has transformed the way we communicate, consume information, and engage with the world around us. It has also raised important ethical and social issues that require thoughtful consideration and regulation. Understanding the power and influence of social media is crucial for anyone interested in media, communication, or technology, as well as for policymakers and society as a whole.
', 'ajohnson789', 'Media'),
    ('2023-03-19 14:15:00', 'The Importance of Corporate Social Responsibility (CSR)', 'In this lecture, we discussed the importance of corporate social responsibility (CSR) in todays business world. CSR refers to a companys responsibility to operate in a way that considers the impact of its actions on society, the environment, and the economy.

We explored the different aspects of CSR, including ethical behavior, sustainability, and community involvement. We also discussed how CSR can benefit companies by improving their reputation, increasing employee engagement and retention, and enhancing customer loyalty.

Furthermore, we examined the challenges and barriers to implementing CSR, such as cost considerations, lack of accountability, and conflicting priorities.

The lecture was important because CSR has become increasingly important to consumers and stakeholders, who expect companies to act in a socially and environmentally responsible manner. Understanding the importance of CSR is crucial for business leaders and managers, as it can inform their decision-making and strategic planning. Additionally, the lecture highlighted the potential benefits of CSR, both for companies and for society as a whole, and emphasized the importance of balancing social responsibility with economic viability.
', 'ewilson123', 'Business'),
    ('2023-03-20 10:30:00', 'The Role of Precedent in Common Law Jurisdictions', 'In this lecture, we explored the role of precedent in common law jurisdictions, such as the United States and the United Kingdom. Precedent refers to the legal principle that past court decisions should be followed in similar cases, creating a system of legal consistency and predictability.

We discussed the different types of precedent, including binding and persuasive precedent, and how they are used in legal decision-making. We also examined the importance of the hierarchy of courts in the development of precedent, with higher courts establishing binding precedent that lower courts must follow.

Furthermore, we examined the limitations and criticisms of the use of precedent in common law jurisdictions, such as the potential for rigidity and inflexibility in the law, and the potential for outdated or unjust precedents to be followed.

The lecture was important because the use of precedent is a fundamental aspect of common law jurisprudence, and understanding its role and limitations is crucial for anyone studying or practicing law in a common law jurisdiction. Additionally, the lecture highlighted the ongoing debate over the use of precedent in the law, and emphasized the importance of balancing the need for consistency and predictability with the need for legal flexibility and justice.
', 'dlee456', 'Law'),
    ('2023-03-20 15:45:00', 'Exploring Musical Traditions: From Baroque to Contemporary', 'In this music seminar, we explored the evolution of Western classical music from the Baroque period to contemporary times. We discussed the key characteristics and composers of each era, and examined how they reflected the broader cultural and social contexts of their time.

We began by discussing the Baroque period, with its elaborate ornamentation, use of counterpoint, and the emergence of opera. We then moved on to the Classical period, with its emphasis on simplicity and clarity, and the emergence of the symphony and the sonata form. We discussed the Romantic period, with its emphasis on emotional expression and individualism, and the emergence of program music and virtuosity. Finally, we examined contemporary classical music, with its wide range of styles and influences, including minimalism, experimental music, and cross-cultural fusion.

Throughout the seminar, we also discussed the ways in which musical traditions are passed down and preserved, and how they continue to evolve and adapt over time.

The seminar was important because it provided a comprehensive overview of Western classical music, its evolution, and its relationship to broader cultural and social contexts. It also emphasized the importance of exploring and preserving musical traditions, and how they can continue to inspire and influence contemporary music.
', 'mgarcia789', 'Music');
INSERT INTO posts (post_date, post_title, post_content, username, topic_title) VALUES ('2023-03-31 09:00:00', 'The Importance of Theatre in Education', 'In this lecture, we discussed the importance of theatre in education. We talked about how theatre can help students develop important skills such as public speaking, critical thinking, and teamwork. We also explored how theatre can be used to teach important historical events and social issues. By engaging with theatre, students can gain a deeper understanding of complex topics and develop empathy for others. We also discussed how theatre can be used to promote diversity and inclusivity in the classroom. By exploring different cultures and perspectives through theatre, students can learn to appreciate and respect differences. In conclusion, theatre is an important tool for education that can help students develop crucial skills and gain a deeper understanding of the world around them.', 'ajohnson789', 'Theatre');

INSERT INTO posts (post_date, post_title, post_content, username, topic_title) VALUES ('2023-04-01 14:00:00', 'The Evolution of Theatre Lighting', 'In this lecture, we explored the evolution of theatre lighting. We talked about how early theatre productions used candles and torches for lighting, which created a limited and inconsistent visual experience for the audience. We then discussed the introduction of gas lighting in the 19th century, which allowed for more controlled and nuanced lighting effects. Finally, we talked about modern lighting techniques such as LED and intelligent lighting, which have revolutionized the way theatre productions can use light to create mood and atmosphere. We also discussed how lighting can be used to enhance storytelling and support the emotional journey of the audience. In conclusion, theatre lighting has come a long way over the centuries and continues to play a crucial role in creating immersive and memorable theatre experiences.', 'dlee456', 'Theatre');

INSERT INTO posts (post_date, post_title, post_content, username, topic_title) VALUES ('2023-04-02 11:30:00', 'The Art of Improvisation in Theatre', 'In this lecture, we explored the art of improvisation in theatre. We talked about how improvisation can be used to create spontaneous and authentic performances that engage the audience in a unique way. We also discussed the importance of trust, collaboration, and active listening in successful improvisation. By building a strong foundation of trust and collaboration, actors can work together to create improvised scenes that are engaging and entertaining. We also discussed how improvisation can be used to develop crucial skills such as adaptability and creativity, which are valuable in many aspects of life. In conclusion, improvisation is a powerful tool in theatre that can create unique and memorable performances while also developing important life skills.', 'ajohnson789', 'Theatre');

INSERT INTO posts (post_date, post_title, post_content, username, topic_title) VALUES('2023-03-31 13:00:00', 'The Future of Quantum Computing', 'In this talk, we discussed the future of quantum computing and how it may revolutionize the world of technology. We explored the basics of quantum mechanics and how they are applied in quantum computing to create faster and more efficient computers. We also talked about the potential applications of quantum computing in various fields such as cryptography, drug discovery, and artificial intelligence. Finally, we discussed the challenges that still need to be overcome to make quantum computing a practical and widely used technology. In conclusion, quantum computing holds great promise for the future of technology and will likely play a significant role in many fields.', 'wbrown789', 'Computer Science');

INSERT INTO posts (post_date, post_title, post_content, username, topic_title) VALUES('2023-04-01 11:00:00', 'The Ethics of Artificial Intelligence', 'In this talk, we explored the ethical considerations surrounding the development and use of artificial intelligence. We talked about the potential benefits of AI in fields such as healthcare, transportation, and education. However, we also discussed the potential risks of AI such as job displacement, privacy concerns, and biases in decision-making. We also talked about the responsibility of developers and policymakers to ensure that AI is developed and used in an ethical and responsible manner. Finally, we discussed possible solutions to address these ethical concerns and ensure that AI is used for the benefit of all. In conclusion, the development and use of AI must be approached with careful consideration of the ethical implications.', 'snguyen456', 'Computer Science');

INSERT INTO posts (post_date, post_title, post_content, username, topic_title) VALUES('2023-04-02 09:30:00', 'The Importance of Cybersecurity', 'In this talk, we discussed the importance of cybersecurity in todays digital age. We talked about the various threats that exist in the digital world such as hacking, malware, and phishing attacks. We also discussed the potential consequences of cyber attacks such as data breaches, financial loss, and reputational damage. We talked about the various methods that can be used to protect against these threats such as firewalls, encryption, and security protocols. Finally, we discussed the importance of staying up to date with the latest developments in cybersecurity and maintaining a culture of security in organizations. In conclusion, cybersecurity is an essential aspect of modern technology and must be taken seriously to ensure the safety and security of individuals and organizations.', 'snguyen456', 'Computer Science'); 


INSERT INTO posts (post_date, post_title, post_content, username, topic_title) VALUES('2023-03-31 10:00:00', 'The Art of Storytelling in Literature', 'In this lecture, we explored the art of storytelling in literature. We discussed how authors use various techniques such as character development, plot structure, and setting to create compelling narratives that resonate with readers. We also talked about how storytelling can be used to explore complex themes and issues such as identity, morality, and social justice. By analyzing different literary works, we can gain a deeper understanding of the power of storytelling and how it can shape our perceptions of the world. In conclusion, storytelling is an essential aspect of literature that allows us to explore the human experience and gain new insights into ourselves and others.', 'ewilson123', 'English');

INSERT INTO posts (post_date, post_title, post_content, username, topic_title) VALUES('2023-04-01 15:00:00', 'The Evolution of the English Language', 'In this lecture, we explored the evolution of the English language from its origins to the present day. We discussed the influences of other languages such as Latin, French, and German on the development of English. We also talked about the changes in pronunciation, grammar, and vocabulary over time and how they reflect historical and cultural developments. Finally, we discussed the role of English as a global language and the challenges and opportunities this presents. In conclusion, the evolution of English is a fascinating and complex topic that sheds light on the history and diversity of the language.', 'bsmith789', 'English');

INSERT INTO posts (post_date, post_title, post_content, username, topic_title) VALUES('2023-04-02 12:00:00', 'The Importance of Diverse Voices in Literature', 'In this lecture, we discussed the importance of diverse voices in literature. We talked about how literature can reflect and shape our understanding of different cultures, perspectives, and experiences. We also discussed the historical lack of diversity in the publishing industry and how this has limited the representation of diverse voices in literature. By exploring works by writers from diverse backgrounds, we can gain a deeper understanding of the complexities of human experience and challenge our assumptions and biases. In conclusion, diverse voices in literature are essential for promoting empathy, understanding, and social justice.', 'ajohnson789', 'English');

INSERT INTO posts (post_date, post_title, post_content, username, topic_title) VALUES('2023-04-03 10:00:00', 'The Power of Photography', 'In this talk, we explored the power of photography as a medium for storytelling and cultural representation. We discussed the history of photography and how it has evolved over time, from black and white film to modern digital cameras. We also talked about the impact of photography on society, from its use in photojournalism to its role in shaping cultural norms and identities. Finally, we discussed the ethical considerations of photography, such as consent and representation, and how photographers can use their work to promote social change. In conclusion, photography has the power to inspire, educate, and unite people across cultures and communities.', 'otaylor123', 'Visual Cultures');

INSERT INTO posts (post_date, post_title, post_content, username, topic_title) VALUES('2023-04-02 14:00:00', 'The Art of Animation', 'In this talk, we explored the art of animation and how it has evolved over time. We discussed the history of animation, from hand-drawn cells to modern computer-generated graphics, and the different techniques used in the animation process. We also talked about the cultural significance of animation, from its role in shaping popular culture to its use in education and advertising. Finally, we discussed the future of animation and its potential for innovation and growth. In conclusion, animation is a powerful medium for storytelling and cultural expression that continues to evolve and inspire.', 'wbrown789', 'Visual Cultures');

INSERT INTO posts (post_date, post_title, post_content, username, topic_title) VALUES('2023-04-01 16:30:00', 'The Influence of Street Art', 'In this talk, we explored the influence of street art on contemporary culture and art movements. We discussed the history of street art, from its origins in graffiti to its current status as a recognized form of art. We also talked about the different techniques used in street art, from spray paint to stencils, and the messages and themes often found in street art. Finally, we discussed the impact of street art on society and how it has influenced mainstream art and culture. In conclusion, street art is a powerful and transformative form of expression that continues to push boundaries and inspire change.', 'mgarcia789', 'Visual Cultures');

INSERT INTO posts (post_date, post_title, post_content, username, topic_title) VALUES('2023-04-03 10:00:00', 'The Art of Contemporary Dance', 'In this talk, we explored the art of contemporary dance and how it has evolved over the years. We talked about the various styles of contemporary dance and how they are used to express different emotions and ideas. We also discussed the use of technology in contemporary dance and how it has changed the way performances are created and experienced. Finally, we talked about the importance of contemporary dance in modern society and how it can be used to bring people together and promote social change. In conclusion, contemporary dance is a beautiful and powerful art form that has the ability to inspire and connect people in meaningful ways.', 'dlee456', 'Dance and Performance');

INSERT INTO posts (post_date, post_title, post_content, username, topic_title) VALUES('2023-04-04 14:00:00', 'The Role of Improvisation in Dance', 'In this talk, we discussed the role of improvisation in dance and how it can be used to create unique and innovative performances. We talked about the different techniques and approaches to improvisation in dance and how they can be applied to different styles and genres. We also talked about the importance of collaboration and communication in improvisational dance and how it can lead to unexpected and beautiful moments on stage. Finally, we discussed the challenges and risks of improvisation in dance and how dancers can prepare themselves to take on these challenges. In conclusion, improvisation is an essential aspect of dance that allows for creativity, spontaneity, and connection between dancers and audience.', 'wbrown789', 'Dance and Performance'), ('2023-04-05 11:30:00', 'Exploring the Intersection of Dance and Technology', 'In this talk, we explored the intersection of dance and technology and how it is changing the way we create and experience performances. We talked about the use of motion capture and virtual reality in dance and how they can be used to create immersive and interactive performances. We also talked about the challenges and opportunities of integrating technology into dance and how it can enhance the artistic expression and storytelling. Finally, we discussed the future of dance and technology and how they will continue to shape and transform the art form. In conclusion, the integration of technology into dance opens up exciting possibilities for the future of the art form.', 'otaylor123', 'Dance and Performance'), ('2023-04-03 12:00:00', 'Exploring the World of Linguistics', 'In this talk, we explored the fascinating world of linguistics and the beauty of language. We discussed the origins and evolution of languages, as well as the diversity of languages around the world. We also talked about the structure of language and the different components such as phonetics, syntax, and semantics. Additionally, we talked about the importance of language in human communication and how it influences culture and identity. In conclusion, language is a fascinating and integral part of human life that deserves appreciation and exploration.', 'ajohnson789', 'Languages'), ('2023-04-04 10:30:00', 'Learning a New Language: Tips and Tricks', 'In this talk, we shared tips and tricks for learning a new language effectively. We discussed the importance of setting realistic goals and creating a study plan that fits with ones schedule and learning style. We also talked about the benefits of immersion and practicing with native speakers, as well as using technology to aid in language learning. Additionally, we addressed common challenges that learners may encounter and provided strategies for overcoming them. In conclusion, learning a new language is a rewarding experience that requires dedication and commitment, but can open up new opportunities and perspectives.', 'mgarcia789', 'Languages'), ('2023-04-05 14:00:00', 'The Art of Translation', 'In this talk, we discussed the challenges and rewards of translation as an art form. We talked about the importance of preserving meaning and nuance in translation, as well as the difficulty of balancing accuracy and creativity. Additionally, we explored the role of translation in bridging cultural and linguistic divides, as well as its impact on literature and other forms of art. Finally, we talked about the future of translation and the potential for technology to transform the field. In conclusion, translation is a complex and valuable art form that deserves recognition and appreciation.', 'mgarcia789', 'Languages'), ('2023-04-03 16:00:00', 'The Evolution of Jazz Music', 'In this talk, we explored the history and evolution of jazz music. We talked about its roots in African American communities in the early 20th century and how it spread to become a global phenomenon. We also discussed the various styles of jazz, such as swing, bebop, and fusion, and the influential musicians who pioneered them. Finally, we talked about the current state of jazz and its continued relevance in modern music. In conclusion, jazz music has had a profound impact on the music industry and continues to be an important genre in modern music.', 'wbrown789', 'Music'), ('2023-04-03 18:30:00', 'The Art of Songwriting', 'In this talk, we discussed the art of songwriting and what makes a great song. We talked about the importance of storytelling, melody, and lyrics in creating a memorable and meaningful song. We also discussed the various techniques and tools that songwriters use, such as chord progressions, hooks, and bridges. Finally, we talked about the challenges and rewards of songwriting and how it can be a powerful form of expression. In conclusion, songwriting is a craft that requires both talent and hard work, and the best songs are those that can connect with listeners on a deep and emotional level.', 'wbrown789', 'Music'), ('2023-04-03 14:00:00', 'Minimalism in Design: Less is More', 'In this article, we explore the concept of minimalism in design and how it can be used to create impactful and memorable designs. We discuss the philosophy behind minimalism, which involves the use of simple and clean designs that focus on the essentials. We also talk about the benefits of minimalism in design, such as increased clarity and ease of use. Finally, we provide examples of minimalist designs in various fields such as graphic design, interior design, and product design. In conclusion, minimalism is a powerful tool in design that can be used to create effective and visually appealing designs.', 'dlee456', 'Design'), ('2023-04-03 15:30:00', 'The Psychology of Color in Design', 'In this post, we explore the role of color in design and how it can influence the way people perceive and interact with designs. We discuss the psychological effects of different colors and how they can be used to convey emotions and create specific moods. We also talk about the importance of color harmony and contrast in creating visually appealing designs. Finally, we provide examples of how color is used in various fields such as branding, advertising, and web design. In conclusion, understanding the psychology of color in design is crucial for creating effective and engaging designs.', 'dlee456', 'Design'), ('2023-04-03 15:00:00', 'The Art of Mixed Media', 'In this talk, we explored the world of mixed media art and the unique creative opportunities it presents. We discussed the various techniques and materials used in mixed media art such as collage, paint, found objects, and digital elements. We also talked about the ways in which mixed media can be used to express complex ideas and emotions, and how it can blur the lines between traditional art forms. Finally, we discussed the growing popularity of mixed media art and its potential to reshape the contemporary art world. In conclusion, mixed media art offers a rich and diverse space for artists to explore and push the boundaries of traditional art forms.', 'ewilson123', 'Art');


INSERT INTO posts (post_date, post_title, post_content, username, topic_title) VALUES('2023-03-19 09:45:00', 'The Power and Influence of Social Media', 'In this lecture, we discussed the power and influence of social media in todays society. Social media platforms, such as Facebook, Twitter, and Instagram, have revolutionized the way people communicate and interact with each other, as well as how they consume and share information.

We examined how social media has transformed traditional media, such as television and print, and has enabled anyone with an internet connection to create and share content. We also discussed how social media has facilitated the spread of information and ideas, and how it has influenced public opinion and political discourse.

Furthermore, we explored the negative effects of social media, including the spread of fake news and disinformation, the proliferation of hate speech and cyberbullying, and the impact of social media on mental health and well-being.

The lecture was important because social media is a powerful tool that has transformed the way we communicate, consume information, and engage with the world around us. It has also raised important ethical and social issues that require thoughtful consideration and regulation. Understanding the power and influence of social media is crucial for anyone interested in media, communication, or technology, as well as for policymakers and society as a whole.
', 'ajohnson789', 'Media'), ('2023-03-20 15:45:00', 'Exploring Musical Traditions: From Baroque to Contemporary', 'In this music seminar, we explored the evolution of Western classical music from the Baroque period to contemporary times. We discussed the key characteristics and composers of each era, and examined how they reflected the broader cultural and social contexts of their time.

We began by discussing the Baroque period, with its elaborate ornamentation, use of counterpoint, and the emergence of opera. We then moved on to the Classical period, with its emphasis on simplicity and clarity, and the emergence of the symphony and the sonata form. We discussed the Romantic period, with its emphasis on emotional expression and individualism, and the emergence of program music and virtuosity. Finally, we examined contemporary classical music, with its wide range of styles and influences, including minimalism, experimental music, and cross-cultural fusion.

Throughout the seminar, we also discussed the ways in which musical traditions are passed down and preserved, and how they continue to evolve and adapt over time.

The seminar was important because it provided a comprehensive overview of Western classical music, its evolution, and its relationship to broader cultural and social contexts. It also emphasized the importance of exploring and preserving musical traditions, and how they can continue to inspire and influence contemporary music.
', 'mgarcia789', 'Music'), ('2023-04-02 11:30:00', 'The Power of Design in Business', 'In todays world, design has become an essential aspect of business strategy. The lecture on design emphasized how design thinking can be used to create innovative solutions to complex problems and drive business success.

Design thinking involves a creative and iterative approach to problem-solving that prioritizes the users needs and experiences. The lecture provided examples of companies such as Apple and Airbnb that have successfully used design thinking to create user-centered products and services that have disrupted their respective industries. 

The lecture also discussed the importance of visual design in branding and marketing. Effective visual design can help a company differentiate itself from competitors and communicate its brand identity to consumers. We were shown examples of companies that have successfully used visual design in their branding such as Nike, Coca-Cola, and McDonalds.

Lastly, the lecture touched upon the role of design in sustainability and social responsibility. We were shown examples of companies that have used sustainable design practices to reduce their environmental impact and promote ethical practices.

In conclusion, the lecture on design highlighted the importance of design thinking and visual design in driving business success. It also underscored the significance of design in promoting sustainability and social responsibility.
', 'jdoe456', 'Design'), ('2023-04-03 09:00:00', 'The Beauty of Art: A Reflection', 'As an art enthusiast, I attended a lecture on the topic of art, where the speaker passionately spoke about the beauty of art and its significance in our lives. The lecture provided insights on how art allows us to express ourselves, communicate our emotions and ideas, and connect with others on a deeper level.

One of the main takeaways was the idea that art is not just about aesthetics, but it is a form of storytelling that can transcend language and cultural barriers. Art enables us to appreciate and learn about different cultures and their unique perspectives. The speaker also emphasized that art is not limited to traditional forms such as painting or sculpture, but it encompasses a wide range of creative expressions such as performance art, conceptual art, and installation art.

The lecture also discussed the role of art in society and how it has been used to provoke social change and challenge the status quo. We were shown examples of artworks that have been used to raise awareness about various issues such as human rights, environmentalism, and political oppression.

In conclusion, the lecture on art reminded me of the importance of art in our lives and its ability to enrich and inspire us. It also made me appreciate the diversity and richness of the art world and its potential to create a positive impact on our society.', 'jdoe123', 'Art'), ('2022-02-10 10:00:00', 'The Role of Political Parties in a Democratic Society', 'In this lecture, we discussed the role of political parties in a democratic society. Political parties play a critical role in representing the interests of citizens and promoting democratic values such as freedom, equality, and justice.

One of the key functions of political parties is to provide a platform for citizens to express their political preferences and opinions. By organizing and coordinating political campaigns, parties mobilize voters and ensure that their voices are heard in the political process. Additionally, parties play a key role in shaping public policy by advocating for specific policy positions and negotiating with other parties to reach a consensus.

However, the lecture also highlighted some challenges and criticisms of political parties. One challenge is the increasing polarization and divisiveness in modern politics, which can make it difficult for parties to work together and reach compromises. Another criticism is that parties can become overly focused on winning elections and promoting their own interests rather than representing the needs and concerns of citizens.

Despite these challenges, political parties remain a crucial part of democratic societies. Through their involvement in the political process, parties ensure that citizens have a voice in shaping the future of their communities and countries. As such, it is important that citizens stay informed about political parties and their platforms in order to make informed decisions at the ballot box.', 'otaylor123', 'Politics'), ('2023-04-03 16:30:00', 'The Sociological Imagination and Its Relevance Today', 'In this lecture on sociology, we discussed the concept of the sociological imagination and its relevance in todays society. The sociological imagination refers to the ability to see the connections between individual experiences and wider social, cultural, and historical contexts. It allows us to understand how personal troubles are related to public issues and how social structures and institutions shape individual behavior and life chances.

We explored how the sociological imagination can help us make sense of a range of social issues and problems, such as poverty, inequality, and discrimination. By examining the structural factors that contribute to these issues, we can develop more effective strategies for addressing them.

Moreover, we discussed the relevance of the sociological imagination in todays society, particularly in the context of the COVID-19 pandemic. The pandemic has highlighted existing social inequalities and vulnerabilities, such as the unequal distribution of healthcare resources and the impact of lockdowns on different social groups.

Overall, the sociological imagination provides us with a powerful tool for understanding and addressing social issues and problems. By recognizing the interconnectedness of personal and social experiences, we can work towards creating a more just and equitable society.', 'ajohnson789', 'Sociology');
INSERT INTO posts (post_date, post_title, post_content, username, topic_title) VALUES ('2023-04-04', 'Anthropology and Cultural Evolution', 'In today’s anthropology lecture, we discussed cultural evolution and its various dimensions. We delved into the different cultural evolutionary models such as multilinear evolution, unilinear evolution, and historical particularism. Our professor explained how these models relate to the study of societies and their cultural transformations over time. He gave examples of how cultural evolution can be traced in the way societies adapt to changing environments and technology. The lecture was informative and thought-provoking, leaving us with a deeper understanding of how societies change over time.', 'jdoe456', 'Anthropology'), ('2023-04-04', 'Cultural Relativism in Anthropology', 'Today’s anthropology lecture was on cultural relativism. The concept of cultural relativism states that all cultures are equally valid and should be studied and analysed in their own terms. The lecture focused on how cultural relativism is a necessary tool for understanding different cultural practices without imposing our own cultural biases. We also discussed how cultural relativism can be a challenge in reconciling with human rights issues that may arise in different cultures. Our professor challenged us to think critically about our own cultural biases and how they may influence our perceptions and understanding of other cultures. Overall, the lecture was enlightening and provided valuable insights into the complexities of cultural relativism.', 'snguyen456', 'Anthropology'), ('2023-04-04', 'Anthropology and Human Adaptation', 'Today’s anthropology lecture was on human adaptation. We learned how humans have adapted to various environmental conditions throughout history, including migration and technological innovations. Our professor explained how these adaptations have shaped the evolution of the human species and its diverse cultures. We also discussed how different societies have adapted to modern challenges such as globalization and climate change. The lecture provided us with a deeper understanding of how human beings have evolved and adapted throughout history and the challenges we face in the present and future. It was an engaging and thought-provoking lecture that left us with a deeper appreciation for the complexity of human adaptation.', 'dlee456', 'Anthropology');
INSERT INTO posts (post_date, post_title, post_content, username, topic_title) VALUES ('2023-04-04 12:00:00', 'Politics and Democracy', 'In today’s lecture on politics, we delved into the fundamental principles of democracy. The professor explained how democracy promotes equality and the role of citizens in decision-making. The lecture also covered the different types of democracies and their benefits and drawbacks. The professor highlighted the importance of democratic institutions in upholding the rule of law and preventing authoritarianism. Overall, the lecture emphasized the importance of civic participation and how democracy empowers individuals to shape their societies. As a political science major, I found the lecture informative and thought-provoking.', 'ajohnson789', 'Politics'), ('2023-04-04 12:00:00', 'The Intersection of Politics and Economics', 'Today’s politics lecture explored the complex relationship between politics and economics. The professor discussed how policies such as taxation, trade agreements, and social welfare programs are used to regulate the economy. The lecture also covered the role of political institutions in shaping economic outcomes, and how economic inequality can lead to political instability. The professor emphasized the importance of understanding the political economy in order to make informed decisions as citizens and policymakers. As an economics major, I found the lecture engaging and informative, and it provided a valuable perspective on the intersection of two crucial fields of study.', 'mgarcia789', 'Politics'), ('2023-04-04 12:00:00', 'Globalization and its Political Implications', 'In today’s politics lecture, we explored the impact of globalization on politics and society. The professor explained how globalization has led to increased economic interdependence and cultural exchange, but also created new challenges such as environmental degradation and income inequality. The lecture also covered the rise of populism and nationalism in response to globalization, and the potential implications for international cooperation and peace. The professor emphasized the importance of understanding the complex forces driving globalization and their political consequences. As a student interested in international affairs, I found the lecture insightful and thought-provoking.', 'snguyen456', 'Politics');
INSERT INTO posts (post_date, post_title, post_content, username, topic_title) VALUES ('2023-04-04 12:00:00', 'History: The Renaissance Period', 'The Renaissance period was a cultural and artistic movement that spanned from the 14th to the 17th century in Europe. This period was characterized by the revival of classical art, literature, and philosophy. The Renaissance also saw the rise of humanism, a philosophical belief that emphasized the importance of human values and individualism. Some of the most famous artists and thinkers of the Renaissance include Leonardo da Vinci, Michelangelo, William Shakespeare, and Galileo Galilei. This period had a profound impact on the world and its legacy can still be felt today.', 'ajohnson789', 'History'), ('2023-04-04 14:00:00', 'History: The Industrial Revolution', 'The Industrial Revolution was a period of rapid industrialization that took place in Europe and North America from the 18th to the 19th century. This period saw the development of new technologies, such as the steam engine, which revolutionized the way goods were produced and transported. The Industrial Revolution also led to significant social and economic changes, including the growth of urbanization and the rise of the middle class. Some of the most notable inventors and entrepreneurs of the Industrial Revolution include James Watt, Eli Whitney, and John D. Rockefeller. This period laid the foundation for modern industrial society.', 'bsmith789', 'History');
INSERT INTO posts (post_date, post_title, post_content, username, topic_title) VALUES ('2023-04-04', 'Sociology: Understanding the Impact of Social Norms', 'In todays sociology lecture, we explored the concept of social norms and their impact on our everyday lives. We discussed how these norms are created, maintained, and enforced by society, and how they can have both positive and negative effects on individuals and communities. We also examined how social norms vary across cultures and how they can change over time. Through case studies and group discussions, we gained a deeper understanding of the ways in which social norms influence our behavior and shape our identities.', 'ajohnson789', 'Sociology'), ('2023-04-04', 'Sociology: Exploring the Complexities of Gender Identity', 'Todays sociology lecture focused on the complex and evolving nature of gender identity. We discussed how society constructs gender and how this construction can limit individuals who do not fit into traditional gender roles. We examined the social, cultural, and political factors that influence gender identity, including the media, education, and religion. We also discussed the experiences of transgender and non-binary individuals and the challenges they face in a society that often marginalizes and stigmatizes them. Through this lecture, we gained a better understanding of the importance of recognizing and respecting diverse gender identities.', 'mgarcia789', 'Sociology');
INSERT INTO posts (post_date, post_title, post_content, username, topic_title) VALUES ('2023-04-04', 'Psychology Lecture: The Power of Positive Thinking', 'In todays psychology lecture, we explored the topic of positive thinking and how it can impact our mental health. Research has shown that individuals who engage in positive thinking tend to have better coping mechanisms, higher self-esteem, and a more positive outlook on life. We also discussed techniques such as cognitive restructuring and visualization, which can be used to cultivate a more positive mindset. This lecture was a great reminder that our thoughts have a powerful impact on our emotions and behaviors, and that we have the ability to reframe our thinking to improve our well-being.', 'jdoe456', 'Psychology'), ('2023-04-04', 'Psychology Lecture: The Effects of Social Media on Mental Health', 'Todays psychology lecture focused on the effects of social media on mental health. We discussed the impact of social comparison, cyberbullying, and the addictive nature of social media on individuals well-being. The lecture also explored the importance of setting boundaries with social media use and practicing self-care. It was eye-opening to learn about the potential negative effects of social media on mental health and the importance of being mindful about our social media consumption. Overall, this lecture highlighted the need for greater awareness and education on the topic of social media and mental health.', 'snguyen456', 'Psychology');
INSERT INTO posts (post_date, post_title, post_content, username, topic_title) VALUES('2022-10-10', 'Media and Its Influence on Society', 'During a recent media lecture, the discussion focused on the powerful impact of media on society. From social media platforms to traditional forms of journalism, media has the ability to shape public opinion, influence political outcomes, and even affect mental health. The lecture emphasized the importance of critical media literacy and the need for individuals to be able to analyze and evaluate the messages they are consuming. As a society, we must be mindful of the power of media and work towards creating a media landscape that is ethical, diverse, and representative of all voices.', 'snguyen456', 'Media');
INSERT INTO posts (post_date, post_title, post_content, username, topic_title) VALUES ('2023-04-04', 'Education for the Future', 'The lecture on education for the future was thought-provoking. The speaker emphasized the need for students to develop skills in critical thinking, problem-solving, and creativity to succeed in the 21st century. The lecture also focused on the importance of interdisciplinary learning and the integration of technology in education. The speaker emphasized the need for educators to create learning environments that promote collaboration, experimentation, and innovation. The lecture made me realize that education is not just about acquiring knowledge but also about developing skills that prepare students for the future. As a student, I will make a conscious effort to develop these skills to become a well-rounded individual.', 'ajohnson789', 'Education'), ('2023-04-04', 'The Role of Teachers in Education', 'The lecture on the role of teachers in education was insightful. The speaker emphasized the importance of teachers in shaping the future of their students. The lecture focused on the need for teachers to be knowledgeable, empathetic, and patient. The speaker emphasized the need for teachers to create inclusive learning environments that cater to the diverse needs of their students. The lecture made me realize that teachers play a critical role in shaping the future of their students. As a student, I will make a conscious effort to appreciate and respect the role of teachers in my education journey.', 'dlee456', 'Education'), ('2023-04-04', 'The Benefits of Education', 'The lecture on the benefits of education was enlightening. The speaker emphasized that education is not just about getting a degree but also about developing ones mind and character. The lecture focused on the importance of education in creating opportunities, improving health, and reducing poverty. The speaker emphasized that education is a fundamental human right and should be accessible to everyone. The lecture made me realize that education is not just a means to an end but also an end in itself. As a student, I will make a conscious effort to appreciate the value of education and use it to make a positive impact in my life and society.', 'jdoe456', 'Education');
INSERT INTO posts (post_date, post_title, post_content, username, topic_title) VALUES ('2023-04-04', 'The Art of Effective Decision Making', 'Management is the art of making decisions in the most effective and efficient manner. Good managers possess the ability to make tough decisions and take calculated risks to ensure success. One important aspect of decision making is the ability to identify the root cause of a problem, and then brainstorm multiple solutions to tackle it. Managers should evaluate the pros and cons of each solution, and then choose the most appropriate one. This lecture taught me the importance of making decisions based on data and logic rather than emotions. In conclusion, decision making is an integral part of management, and one must master this art to become a successful manager.', 'jdoe456', 'Management'), ('2023-04-04', 'Management - The Art of Effective Communication', 'Effective communication is a crucial skill for any successful manager. This lecture emphasized the importance of clear and concise communication with team members, stakeholders, and clients. Good managers are skilled at communicating their vision, objectives, and expectations to their team members. They are also good listeners, who are open to feedback and willing to collaborate. In addition, effective communication reduces misunderstandings and conflicts, increases productivity, and builds trust. This lecture taught me that communication is not just about conveying messages but also about building relationships. In conclusion, effective communication is a key aspect of management, and one must develop this skill to become a successful manager.', 'bsmith789', 'Management'), ('2023-04-04', 'Management - The Art of Motivation', 'Motivation is a driving force that inspires individuals to achieve their goals. This lecture highlighted the importance of motivating team members to achieve the organizations objectives. Good managers motivate their team members by providing feedback, recognizing their achievements, and providing opportunities for growth and development. They also set realistic goals and create a positive work environment that fosters teamwork, creativity, and innovation. Motivated employees are more productive, engaged, and committed to their work. This lecture taught me that motivation is not just about financial incentives but also about creating a sense of purpose and belonging. In conclusion, motivation is an essential aspect of management, and one must master this art to become a successful manager.', 'ajohnson789', 'Management');
INSERT INTO posts (post_date, post_title, post_content, username, topic_title) VALUES ('2023-04-04', 'The Art of Networking in Business', 'In today’s business lecture, we learned about the importance of networking in the corporate world. The speaker emphasized that networking is more than just exchanging business cards; it’s about building genuine connections and relationships. The lecturer highlighted the power of networking to open doors to new opportunities and collaborations. We learned that networking is not just limited to attending events but can also be done online through social media platforms. The lecturer also gave tips on how to network effectively, including being authentic, being a good listener, and following up with contacts. Overall, the lecture was insightful, and I look forward to implementing these strategies in my future business endeavors.', 'ajohnson789', 'Business');
INSERT INTO posts (post_date, post_title, post_content, username, topic_title) VALUES ('2023-04-04', 'The Evolution of Human Rights', 'In todays Law lecture, we discussed the evolution of human rights throughout history. We learned that the concept of human rights originated in the 17th and 18th centuries during the Age of Enlightenment. It was during this period that people began to question the traditional authority of monarchs and the church, and started to demand greater individual freedoms and protections. We also examined the Universal Declaration of Human Rights, adopted by the United Nations in 1948, which serves as a foundation for international human rights law. The lecture provided valuable insights into the complex and constantly evolving landscape of human rights law.', 'ewilson123', 'Law'), ('2023-04-04', 'Law Lecture: Criminal Law and the Principle of Mens Rea', 'Todays Law lecture focused on the principle of mens rea in criminal law. Mens rea, or "guilty mind," refers to the mental state of a defendant at the time of the offense. In order to be convicted of a crime, a defendant must have had the requisite mens rea at the time of the offense. We discussed the different levels of mens rea, ranging from intentional and knowing to reckless and negligent. We also explored the concept of strict liability, which imposes liability on a defendant regardless of their mental state. The lecture provided a comprehensive overview of the complex and nuanced principles of criminal law.', 'dlee456', 'Law');
INSERT INTO posts (post_date, post_title, post_content, username, topic_title) VALUES ('2023-04-04 09:00:00', 'Maximizing Profits', 'In today’s lecture, we discussed the importance of maximizing profits in business. Our guest speaker, a successful entrepreneur, shared insights on how businesses can increase revenue while reducing costs. One key takeaway was the need for businesses to constantly evaluate their pricing strategy, as well as identify and eliminate inefficiencies in their operations. The speaker also emphasized the importance of investing in employee training and development, as this can lead to increased productivity and better customer service. Overall, the lecture was insightful and provided practical tips for businesses of all sizes to improve their bottom line.', 'jdoe123', 'Business');
INSERT INTO posts (post_date, post_title, post_content, username, topic_title) VALUES ('2023-04-04', 'The Future of Artificial Intelligence in Computing', 'During todays computing lecture, we explored the future of artificial intelligence and how it is becoming increasingly integrated into our daily lives. The lecturer discussed the importance of understanding how AI works and how it can be used to improve various industries, including healthcare and transportation. The talk was informative and thought-provoking, leaving me excited about the potential of AI in the future of computing.', 'jdoe123', 'Computing'), ('2023-04-04', 'The Impact of Cybersecurity in Computing', 'In todays computing lecture, we delved into the importance of cybersecurity in the world of computing. The lecturer highlighted the various threats that exist in the digital world and how they can be mitigated. We also discussed the ethical considerations surrounding cybersecurity and the need to ensure privacy and security for all users. The lecture was insightful and informative, leaving me with a greater appreciation for the importance of cybersecurity in our daily lives.', 'jdoe456', 'Computing'), ('2023-04-04', 'The Rise of Quantum Computing', 'During todays computing lecture, we explored the exciting field of quantum computing and how it is revolutionizing the way we approach computational problems. The lecturer discussed the potential applications of quantum computing, such as in cryptography and drug discovery. We also discussed the challenges that come with developing and implementing quantum computers, including the need for highly specialized expertise. Overall, the lecture was fascinating and left me with a greater appreciation for the potential of quantum computing.', 'bsmith789', 'Computing'), ('2023-04-04', 'The Evolution of Video Games', 'In todays games computing lecture, we explored the evolution of video games and how they have evolved over the years. We discussed the technological advancements that have made modern games possible, including realistic graphics and immersive gameplay. The lecturer also highlighted the increasing popularity of esports and the rise of virtual reality. Overall, the lecture was engaging and insightful, leaving me with a greater appreciation for the complexity of modern video games.', 'ajohnson789', 'Games Computing'), ('2023-04-04', 'The Psychology of Gaming', 'During todays games computing lecture, we delved into the psychology of gaming and how it affects the way we think and behave. The lecturer discussed the addictive nature of video games and the potential negative consequences of excessive gaming. We also discussed the benefits of gaming, such as improved cognitive function and social skills. Overall, the lecture was thought-provoking and left me with a greater understanding of the impact of gaming on our lives.', 'dlee456', 'Games Computing'), ('2023-04-04', 'The Future of Virtual Reality in Gaming', 'In todays games computing lecture, we explored the exciting field of virtual reality and how it is transforming the way we play games. The lecturer discussed the potential applications of virtual reality in gaming, such as creating more immersive experiences and improving accessibility. We also discussed the challenges that come with developing and implementing virtual reality games, including the need for powerful hardware and software. Overall, the lecture was fascinating and left me with a greater appreciation for the potential of virtual reality in gaming.', 'otaylor123', 'Games Computing');

